run,model,kd_method,corruption,severity,acc,ece,nll,brier,mean_conf,agreement,kl_ts,agreement_on_teacher_errors
student_resnet8x4_dkd_nckd,resnet8x4,dkd,clean,0,0.7473999857902527,0.050523124635219574,0.9376382827758789,0.35632991790771484,0.6976209878921509,0.7782999873161316,0.5232402682304382,0.39761248230934143
student_resnet8x4_dkd_s1,resnet8x4,dkd,clean,0,0.7573000192642212,0.04718630760908127,0.9195801019668579,0.34462347626686096,0.792625904083252,0.7807999849319458,0.5322437882423401,0.3778696060180664
student_resnet8x4_dkd_s2,resnet8x4,dkd,clean,0,0.7512000203132629,0.05525343865156174,0.9173018336296082,0.34659090638160706,0.8010942339897156,0.7771000266075134,0.5446663498878479,0.38521578907966614
student_resnet8x4_dkd_tckd,resnet8x4,dkd,clean,0,0.6782000064849854,0.11306771636009216,1.2967079877853394,0.46099334955215454,0.7911799550056458,0.6955000162124634,1.1376842260360718,0.3209366500377655
student_resnet8x4_kd_s1,resnet8x4,kd,clean,0,0.7322999835014343,0.11170215904712677,1.1292740106582642,0.39476239681243896,0.8435732126235962,0.748199999332428,0.8098872900009155,0.3406795263290405
student_resnet8x4_kd_s2,resnet8x4,kd,clean,0,0.7354999780654907,0.11023013293743134,1.1087441444396973,0.3887467682361603,0.8457300662994385,0.7483000159263611,0.7934446334838867,0.33516988158226013
student_resnet8x4_dkd_nckd,resnet8x4,dkd,gaussian_noise,1,0.3610000014305115,0.10993711650371552,2.806504011154175,0.8094875812530518,0.46161454916000366,0.5001000165939331,1.1424075365066528,0.36803919076919556
student_resnet8x4_dkd_s1,resnet8x4,dkd,gaussian_noise,1,0.35679998993873596,0.23252321779727936,3.155005931854248,0.8726798892021179,0.5892805457115173,0.5022000074386597,1.2359777688980103,0.3714855909347534
student_resnet8x4_dkd_s2,resnet8x4,dkd,gaussian_noise,1,0.36660000681877136,0.26839679479599,3.2304975986480713,0.8908584713935852,0.6329434514045715,0.49399998784065247,1.3469136953353882,0.34445855021476746
student_resnet8x4_dkd_tckd,resnet8x4,dkd,gaussian_noise,1,0.2800000011920929,0.42489877343177795,5.125878810882568,1.0842764377593994,0.7048987746238708,0.38359999656677246,2.9448015689849854,0.2900417149066925
student_resnet8x4_kd_s1,resnet8x4,kd,gaussian_noise,1,0.3246999979019165,0.38568949699401855,4.168054103851318,1.0140103101730347,0.7103894352912903,0.4449999928474426,2.013369083404541,0.32124069333076477
student_resnet8x4_kd_s2,resnet8x4,kd,gaussian_noise,1,0.31859999895095825,0.40574750304222107,4.264631748199463,1.0397733449935913,0.7240137457847595,0.42080000042915344,2.2732937335968018,0.29058587551116943
student_resnet8x4_dkd_nckd,resnet8x4,dkd,gaussian_noise,2,0.1941000074148178,0.24407948553562164,4.194542407989502,1.017322301864624,0.43753328919410706,0.4794999957084656,1.1533316373825073,0.44196125864982605
student_resnet8x4_dkd_s1,resnet8x4,dkd,gaussian_noise,2,0.17810000479221344,0.41308218240737915,5.318190574645996,1.1627012491226196,0.5906867384910583,0.4661000072956085,1.376502275466919,0.43654340505599976
student_resnet8x4_dkd_s2,resnet8x4,dkd,gaussian_noise,2,0.17949999868869781,0.49856460094451904,5.718377590179443,1.257178544998169,0.6780646443367004,0.4519999921321869,1.6702613830566406,0.42164433002471924
student_resnet8x4_dkd_tckd,resnet8x4,dkd,gaussian_noise,2,0.13699999451637268,0.583018958568573,8.701210021972656,1.3569753170013428,0.7200189232826233,0.385699987411499,3.0279834270477295,0.3816876709461212
student_resnet8x4_kd_s1,resnet8x4,kd,gaussian_noise,2,0.15330000221729279,0.5785497426986694,7.283472061157227,1.3494702577590942,0.731849730014801,0.4016000032424927,2.4000065326690674,0.38033318519592285
student_resnet8x4_kd_s2,resnet8x4,kd,gaussian_noise,2,0.16740000247955322,0.5490694046020508,6.537716388702393,1.3070497512817383,0.7164492011070251,0.40400001406669617,2.3268141746520996,0.3739672303199768
student_resnet8x4_dkd_nckd,resnet8x4,dkd,gaussian_noise,3,0.11739999800920486,0.3120797872543335,5.110734462738037,1.1159027814865112,0.4294797480106354,0.49720001220703125,1.0972070693969727,0.48810791969299316
student_resnet8x4_dkd_s1,resnet8x4,dkd,gaussian_noise,3,0.10490000247955322,0.49111372232437134,6.844235897064209,1.2868882417678833,0.5960137248039246,0.4401000142097473,1.3662598133087158,0.42977163195610046
student_resnet8x4_dkd_s2,resnet8x4,dkd,gaussian_noise,3,0.0949999988079071,0.6457502841949463,7.627937316894531,1.4741175174713135,0.740750253200531,0.4851999878883362,1.7904701232910156,0.4921311140060425
student_resnet8x4_dkd_tckd,resnet8x4,dkd,gaussian_noise,3,0.08190000057220459,0.683906614780426,11.39819622039795,1.517464518547058,0.7658066153526306,0.4357999861240387,2.683232307434082,0.4508342146873474
student_resnet8x4_kd_s1,resnet8x4,kd,gaussian_noise,3,0.08030000329017639,0.6868715286254883,9.587725639343262,1.5248792171478271,0.7671715617179871,0.4318999946117401,2.3846981525421143,0.43959295749664307
student_resnet8x4_kd_s2,resnet8x4,kd,gaussian_noise,3,0.10450000315904617,0.59402996301651,7.750504493713379,1.3970463275909424,0.6984012722969055,0.42579999566078186,2.040179967880249,0.4208969473838806
student_resnet8x4_dkd_nckd,resnet8x4,dkd,gaussian_noise,4,0.09629999846220016,0.32668787240982056,5.3898115158081055,1.1388556957244873,0.42298784852027893,0.5159000158309937,1.060625433921814,0.5123807191848755
student_resnet8x4_dkd_s1,resnet8x4,dkd,gaussian_noise,4,0.08460000157356262,0.5084395408630371,7.321080684661865,1.316810965538025,0.5930395722389221,0.41440001130104065,1.3702560663223267,0.4031122326850891
student_resnet8x4_dkd_s2,resnet8x4,dkd,gaussian_noise,4,0.07559999823570251,0.6944831609725952,8.310840606689453,1.548059344291687,0.7700831294059753,0.52920001745224,1.7455925941467285,0.5389595627784729
student_resnet8x4_dkd_tckd,resnet8x4,dkd,gaussian_noise,4,0.06750000268220901,0.7326034307479858,12.433837890625,1.5902193784713745,0.8001035451889038,0.4966000020503998,2.5033206939697266,0.5126079320907593
student_resnet8x4_kd_s1,resnet8x4,kd,gaussian_noise,4,0.0640999972820282,0.7176076173782349,10.365266799926758,1.5743038654327393,0.7817075848579407,0.47040000557899475,2.213296413421631,0.48205360770225525
student_resnet8x4_kd_s2,resnet8x4,kd,gaussian_noise,4,0.08160000294446945,0.6058317422866821,8.1435546875,1.422216773033142,0.687431812286377,0.435699999332428,1.9836530685424805,0.4358246326446533
student_resnet8x4_dkd_nckd,resnet8x4,dkd,gaussian_noise,5,0.07919999957084656,0.3449958860874176,5.594951152801514,1.1595559120178223,0.42419588565826416,0.5335000157356262,1.0628585815429688,0.5301244854927063
student_resnet8x4_dkd_s1,resnet8x4,dkd,gaussian_noise,5,0.07050000131130219,0.5176999568939209,7.621181488037109,1.3317272663116455,0.5881999731063843,0.3930000066757202,1.387997031211853,0.38242095708847046
student_resnet8x4_dkd_s2,resnet8x4,dkd,gaussian_noise,5,0.06040000170469284,0.7325961589813232,8.822278022766113,1.604356288909912,0.7929961085319519,0.5561000108718872,1.7470953464508057,0.5671329498291016
student_resnet8x4_dkd_tckd,resnet8x4,dkd,gaussian_noise,5,0.053599998354911804,0.7814415693283081,13.220800399780273,1.659942626953125,0.8350415229797363,0.5379999876022339,2.4522714614868164,0.553144633769989
student_resnet8x4_kd_s1,resnet8x4,kd,gaussian_noise,5,0.050599999725818634,0.7420880794525146,10.937655448913574,1.613965630531311,0.7925560474395752,0.5024999976158142,2.102053165435791,0.5151448249816895
student_resnet8x4_kd_s2,resnet8x4,kd,gaussian_noise,5,0.07000000029802322,0.6145502328872681,8.47044563293457,1.4419093132019043,0.6845502257347107,0.42730000615119934,2.062074661254883,0.42702940106391907
student_resnet8x4_dkd_nckd,resnet8x4,dkd,shot_noise,1,0.503000020980835,0.040903981775045395,2.0216224193573,0.6467245817184448,0.5115169882774353,0.5799999833106995,0.9635310769081116,0.3451162874698639
student_resnet8x4_dkd_s1,resnet8x4,dkd,shot_noise,1,0.5060999989509583,0.12870723009109497,2.097285032272339,0.6646465063095093,0.6329838633537292,0.5841000080108643,0.9941980242729187,0.3462790548801422
student_resnet8x4_dkd_s2,resnet8x4,dkd,shot_noise,1,0.5198000073432922,0.14000621438026428,2.0787124633789062,0.6573784947395325,0.657204806804657,0.5806999802589417,1.0247896909713745,0.3241860568523407
student_resnet8x4_dkd_tckd,resnet8x4,dkd,shot_noise,1,0.40540000796318054,0.30907633900642395,3.3554368019104004,0.8700226545333862,0.7144763469696045,0.4546000063419342,2.409794569015503,0.26488372683525085
student_resnet8x4_kd_s1,resnet8x4,kd,shot_noise,1,0.47530001401901245,0.2614717483520508,2.677626132965088,0.767912745475769,0.7367361187934875,0.5383999943733215,1.5650708675384521,0.30395349860191345
student_resnet8x4_kd_s2,resnet8x4,kd,shot_noise,1,0.4602999985218048,0.2797476649284363,2.7905802726745605,0.7952524423599243,0.7400476336479187,0.5087000131607056,1.747045874595642,0.2723255753517151
student_resnet8x4_dkd_nckd,resnet8x4,dkd,shot_noise,2,0.3472000062465668,0.11758098751306534,2.897095203399658,0.8275684714317322,0.45913663506507874,0.48809999227523804,1.161615252494812,0.3607017397880554
student_resnet8x4_dkd_s1,resnet8x4,dkd,shot_noise,2,0.34470000863075256,0.2483520805835724,3.260730504989624,0.8975052833557129,0.592827320098877,0.49459999799728394,1.2830660343170166,0.36771929264068604
student_resnet8x4_dkd_s2,resnet8x4,dkd,shot_noise,2,0.3479999899864197,0.28467893600463867,3.380720376968384,0.922415018081665,0.6326788663864136,0.4796999990940094,1.418639063835144,0.33719298243522644
student_resnet8x4_dkd_tckd,resnet8x4,dkd,shot_noise,2,0.2639999985694885,0.4412771165370941,5.434134006500244,1.1148895025253296,0.705277144908905,0.37290000915527344,3.084399700164795,0.2859649062156677
student_resnet8x4_kd_s1,resnet8x4,kd,shot_noise,2,0.3084999918937683,0.40350693464279175,4.3857340812683105,1.0447618961334229,0.7120070457458496,0.4318000078201294,2.115238904953003,0.31736841797828674
student_resnet8x4_kd_s2,resnet8x4,kd,shot_noise,2,0.29589998722076416,0.4400900602340698,4.591647624969482,1.0936614274978638,0.7359899878501892,0.4034000039100647,2.5002667903900146,0.2821052670478821
student_resnet8x4_dkd_nckd,resnet8x4,dkd,shot_noise,3,0.16580000519752502,0.272483229637146,4.450318813323975,1.055586814880371,0.4382832646369934,0.483599990606308,1.1530025005340576,0.4615086615085602
student_resnet8x4_dkd_s1,resnet8x4,dkd,shot_noise,3,0.15080000460147858,0.4604959785938263,5.848211765289307,1.2253282070159912,0.6111577153205872,0.45660001039505005,1.4249871969223022,0.4373546838760376
student_resnet8x4_dkd_s2,resnet8x4,dkd,shot_noise,3,0.14470000565052032,0.5634027123451233,6.416922569274902,1.347818374633789,0.7081027626991272,0.44530001282691956,1.8582812547683716,0.4285714328289032
student_resnet8x4_dkd_tckd,resnet8x4,dkd,shot_noise,3,0.11940000206232071,0.630317747592926,9.514620780944824,1.4286867380142212,0.7497177124023438,0.39100000262260437,3.1390292644500732,0.39020925760269165
student_resnet8x4_kd_s1,resnet8x4,kd,shot_noise,3,0.12710000574588776,0.6276973485946655,8.084983825683594,1.422086477279663,0.7547924518585205,0.4131999909877777,2.5587871074676514,0.4054507911205292
student_resnet8x4_kd_s2,resnet8x4,kd,shot_noise,3,0.1395999938249588,0.5952336192131042,7.287692070007324,1.3792273998260498,0.7345240116119385,0.38850000500679016,2.5594468116760254,0.37173858284950256
student_resnet8x4_dkd_nckd,resnet8x4,dkd,shot_noise,4,0.1274999976158142,0.311707466840744,4.919646739959717,1.1089937686920166,0.43920743465423584,0.49810001254081726,1.1064900159835815,0.48864734172821045
student_resnet8x4_dkd_s1,resnet8x4,dkd,shot_noise,4,0.11500000208616257,0.499981552362442,6.656346321105957,1.2907891273498535,0.6149815320968628,0.46160000562667847,1.3634752035140991,0.4506038725376129
student_resnet8x4_dkd_s2,resnet8x4,dkd,shot_noise,4,0.10849999636411667,0.6367732286453247,7.454161167144775,1.4628444910049438,0.745273232460022,0.47209998965263367,1.9126701354980469,0.46968600153923035
student_resnet8x4_dkd_tckd,resnet8x4,dkd,shot_noise,4,0.09319999814033508,0.6843684315681458,10.842650413513184,1.5130060911178589,0.7775683999061584,0.4311000108718872,2.9722862243652344,0.4403381645679474
student_resnet8x4_kd_s1,resnet8x4,kd,shot_noise,4,0.09130000323057175,0.6824404001235962,9.274801254272461,1.510650634765625,0.7736787796020508,0.43700000643730164,2.5118801593780518,0.44251206517219543
student_resnet8x4_kd_s2,resnet8x4,kd,shot_noise,4,0.10649999976158142,0.6182901263237,7.912323474884033,1.4227664470672607,0.7247390747070312,0.4023999869823456,2.383510112762451,0.39891305565834045
student_resnet8x4_dkd_nckd,resnet8x4,dkd,shot_noise,5,0.08900000154972076,0.3512101173400879,5.434516429901123,1.1591678857803345,0.4401038587093353,0.5187000036239624,1.0835176706314087,0.5175211429595947
student_resnet8x4_dkd_s1,resnet8x4,dkd,shot_noise,5,0.08340000361204147,0.5234306454658508,7.486389636993408,1.3356572389602661,0.6068307161331177,0.44670000672340393,1.3284971714019775,0.43774646520614624
student_resnet8x4_dkd_s2,resnet8x4,dkd,shot_noise,5,0.06930000334978104,0.7215423583984375,8.66605281829834,1.5846306085586548,0.7908424139022827,0.5228000283241272,1.916745662689209,0.5328450798988342
student_resnet8x4_dkd_tckd,resnet8x4,dkd,shot_noise,5,0.06270000338554382,0.7595405578613281,12.429551124572754,1.6280878782272339,0.8222405314445496,0.49219998717308044,2.731991767883301,0.5069295763969421
student_resnet8x4_kd_s1,resnet8x4,kd,shot_noise,5,0.05959999933838844,0.7401020526885986,10.651203155517578,1.6060199737548828,0.7997020483016968,0.4830999970436096,2.3154478073120117,0.4932957887649536
student_resnet8x4_kd_s2,resnet8x4,kd,shot_noise,5,0.07370000332593918,0.6388294696807861,8.64744758605957,1.4668527841567993,0.7125294804573059,0.4320000112056732,2.2684171199798584,0.43605634570121765
student_resnet8x4_dkd_nckd,resnet8x4,dkd,impulse_noise,1,0.5066999793052673,0.03044031746685505,1.9839568138122559,0.6397005915641785,0.500974178314209,0.5485000014305115,1.0608041286468506,0.27972349524497986
student_resnet8x4_dkd_s1,resnet8x4,dkd,impulse_noise,1,0.5020999908447266,0.11939187347888947,2.106828451156616,0.6654052734375,0.6189244985580444,0.545199990272522,1.1562790870666504,0.2781105935573578
student_resnet8x4_dkd_s2,resnet8x4,dkd,impulse_noise,1,0.5175999999046326,0.10109449177980423,2.001051425933838,0.6425600647926331,0.6171332001686096,0.5478000044822693,1.1324023008346558,0.2702764868736267
student_resnet8x4_dkd_tckd,resnet8x4,dkd,impulse_noise,1,0.36070001125335693,0.34518635272979736,3.942560911178589,0.9448009729385376,0.7058863043785095,0.40059998631477356,3.0209362506866455,0.22534562647342682
student_resnet8x4_kd_s1,resnet8x4,kd,impulse_noise,1,0.47450000047683716,0.265984445810318,2.6099588871002197,0.7765280604362488,0.7404844760894775,0.5055000185966492,1.8004392385482788,0.254147469997406
student_resnet8x4_kd_s2,resnet8x4,kd,impulse_noise,1,0.46549999713897705,0.2599698305130005,2.6651411056518555,0.7846667170524597,0.7252795696258545,0.4968000054359436,1.8286845684051514,0.25115206837654114
student_resnet8x4_dkd_nckd,resnet8x4,dkd,impulse_noise,2,0.2955999970436096,0.11856607347726822,3.0584213733673096,0.8650939464569092,0.41416606307029724,0.36169999837875366,1.507492184638977,0.2193458378314972
student_resnet8x4_dkd_s1,resnet8x4,dkd,impulse_noise,2,0.262800008058548,0.308255136013031,3.7410428524017334,1.0070617198944092,0.5710550546646118,0.353300005197525,1.8523378372192383,0.2272515892982483
student_resnet8x4_dkd_s2,resnet8x4,dkd,impulse_noise,2,0.28529998660087585,0.2617112994194031,3.432887077331543,0.9478614330291748,0.5468869209289551,0.3481000065803528,1.8298914432525635,0.21221515536308289
student_resnet8x4_dkd_tckd,resnet8x4,dkd,impulse_noise,2,0.19130000472068787,0.49994778633117676,6.735873222351074,1.228040099143982,0.6912477612495422,0.25589999556541443,4.428724765777588,0.1787319779396057
student_resnet8x4_kd_s1,resnet8x4,kd,impulse_noise,2,0.259799987077713,0.45178622007369995,4.729838848114014,1.1331814527511597,0.7115861773490906,0.3244999945163727,2.9931411743164062,0.2033793181180954
student_resnet8x4_kd_s2,resnet8x4,kd,impulse_noise,2,0.2362000048160553,0.4564642310142517,4.863454341888428,1.1495119333267212,0.6926642656326294,0.3057999908924103,2.9732584953308105,0.20058906078338623
student_resnet8x4_dkd_nckd,resnet8x4,dkd,impulse_noise,3,0.1826999932527542,0.21031135320663452,3.848585605621338,0.9986124038696289,0.39301133155822754,0.2696000039577484,1.8082917928695679,0.19548286497592926
student_resnet8x4_dkd_s1,resnet8x4,dkd,impulse_noise,3,0.15150000154972076,0.4184951186180115,4.982646465301514,1.1831656694412231,0.5699951648712158,0.2761000096797943,2.1815342903137207,0.21547247469425201
student_resnet8x4_dkd_s2,resnet8x4,dkd,impulse_noise,3,0.1517000049352646,0.4192883372306824,4.869865894317627,1.1829273700714111,0.5709883570671082,0.22709999978542328,2.6002819538116455,0.15848909318447113
student_resnet8x4_dkd_tckd,resnet8x4,dkd,impulse_noise,3,0.11990000307559967,0.5615436434745789,8.491537094116211,1.3448554277420044,0.6814436316490173,0.20180000364780426,4.801088333129883,0.16030633449554443
student_resnet8x4_kd_s1,resnet8x4,kd,impulse_noise,3,0.15839999914169312,0.529496967792511,6.031743049621582,1.290279507637024,0.6875163316726685,0.2443999946117401,3.5321555137634277,0.18133437633514404
student_resnet8x4_kd_s2,resnet8x4,kd,impulse_noise,3,0.14169999957084656,0.5409135222434998,6.37791109085083,1.3164070844650269,0.6826135516166687,0.23479999601840973,3.4955129623413086,0.180685356259346
student_resnet8x4_dkd_nckd,resnet8x4,dkd,impulse_noise,4,0.07810000330209732,0.33328375220298767,4.942502498626709,1.1444494724273682,0.4113837480545044,0.20200000703334808,2.13268780708313,0.17793871462345123
student_resnet8x4_dkd_s1,resnet8x4,dkd,impulse_noise,4,0.07400000095367432,0.46845942735671997,6.269548416137695,1.2766172885894775,0.5424593687057495,0.23510000109672546,2.2449913024902344,0.20958217978477478
student_resnet8x4_dkd_s2,resnet8x4,dkd,impulse_noise,4,0.05660000070929527,0.6097499132156372,7.192758560180664,1.445513129234314,0.6663499474525452,0.14249999821186066,3.8524227142333984,0.12256267666816711
student_resnet8x4_dkd_tckd,resnet8x4,dkd,impulse_noise,4,0.05429999902844429,0.6119555830955505,10.386180877685547,1.4417517185211182,0.6662555932998657,0.17499999701976776,4.735647201538086,0.15933147072792053
student_resnet8x4_kd_s1,resnet8x4,kd,impulse_noise,4,0.0794999971985817,0.5635063648223877,7.105075836181641,1.3756635189056396,0.6430063247680664,0.21709999442100525,3.388103485107422,0.19387187063694
student_resnet8x4_kd_s2,resnet8x4,kd,impulse_noise,4,0.05420000106096268,0.6361497640609741,8.228796005249023,1.4751614332199097,0.690349817276001,0.16740000247955322,3.8458034992218018,0.15097492933273315
student_resnet8x4_dkd_nckd,resnet8x4,dkd,impulse_noise,5,0.04500000178813934,0.3651529550552368,5.648460388183594,1.1909548044204712,0.41015294194221497,0.19429999589920044,2.216705799102783,0.18428874015808105
student_resnet8x4_dkd_s1,resnet8x4,dkd,impulse_noise,5,0.054099999368190765,0.43827375769615173,6.667505264282227,1.2597969770431519,0.4923737347126007,0.2500999867916107,2.110565185546875,0.23492568731307983
student_resnet8x4_dkd_s2,resnet8x4,dkd,impulse_noise,5,0.03579999879002571,0.6579797267913818,8.244269371032715,1.5143975019454956,0.693779706954956,0.12439999729394913,4.2862701416015625,0.1143312081694603
student_resnet8x4_dkd_tckd,resnet8x4,dkd,impulse_noise,5,0.03290000185370445,0.6400650143623352,11.260148048400879,1.48844575881958,0.6729649901390076,0.22609999775886536,4.369152545928955,0.2215498983860016
student_resnet8x4_kd_s1,resnet8x4,kd,impulse_noise,5,0.04600000008940697,0.5914355516433716,7.562894344329834,1.4225893020629883,0.6374356150627136,0.3018999993801117,2.6388072967529297,0.29575371742248535
student_resnet8x4_kd_s2,resnet8x4,kd,impulse_noise,5,0.025200000032782555,0.7866852283477783,10.264871597290039,1.678458571434021,0.8118394017219543,0.12939999997615814,5.137845516204834,0.12515923380851746
student_resnet8x4_dkd_nckd,resnet8x4,dkd,defocus_blur,1,0.7409999966621399,0.05040153115987778,0.957574725151062,0.36271679401397705,0.692676842212677,0.7730000019073486,0.530494213104248,0.3926796317100525
student_resnet8x4_dkd_s1,resnet8x4,dkd,defocus_blur,1,0.7512999773025513,0.048857152462005615,0.9393737316131592,0.35191765427589417,0.7901516556739807,0.7775999903678894,0.5389519333839417,0.37731584906578064
student_resnet8x4_dkd_s2,resnet8x4,dkd,defocus_blur,1,0.7470999956130981,0.0545673742890358,0.9414775371551514,0.353412002325058,0.7977949380874634,0.771399974822998,0.552810549736023,0.36873021721839905
student_resnet8x4_dkd_tckd,resnet8x4,dkd,defocus_blur,1,0.671999990940094,0.11701012402772903,1.3391175270080566,0.4712465703487396,0.7889205813407898,0.6912000179290771,1.1642825603485107,0.32128334045410156
student_resnet8x4_kd_s1,resnet8x4,kd,defocus_blur,1,0.7287999987602234,0.11181195080280304,1.1516226530075073,0.4016270041465759,0.8402267694473267,0.7434999942779541,0.816429615020752,0.33438771963119507
student_resnet8x4_kd_s2,resnet8x4,kd,defocus_blur,1,0.7297999858856201,0.11440661549568176,1.1290901899337769,0.3954921364784241,0.844157338142395,0.7465999722480774,0.8016477823257446,0.3393583297729492
student_resnet8x4_dkd_nckd,resnet8x4,dkd,defocus_blur,2,0.7044000029563904,0.05111319571733475,1.1192196607589722,0.4130948781967163,0.6562819480895996,0.7476999759674072,0.5995549559593201,0.3971061110496521
student_resnet8x4_dkd_s1,resnet8x4,dkd,defocus_blur,2,0.7077000141143799,0.062236856669187546,1.1144508123397827,0.4074494242668152,0.7615855932235718,0.7462999820709229,0.6129381656646729,0.37781351804733276
student_resnet8x4_dkd_s2,resnet8x4,dkd,defocus_blur,2,0.7135999798774719,0.06237631291151047,1.1100239753723145,0.4033780097961426,0.7717942595481873,0.7466999888420105,0.622427761554718,0.3657556176185608
student_resnet8x4_dkd_tckd,resnet8x4,dkd,defocus_blur,2,0.6276999711990356,0.14031678438186646,1.630926251411438,0.5425814390182495,0.7680168747901917,0.6499999761581421,1.345664143562317,0.3110932409763336
student_resnet8x4_kd_s1,resnet8x4,kd,defocus_blur,2,0.6805999875068665,0.13635022938251495,1.3591217994689941,0.4640450179576874,0.816950261592865,0.708899974822998,0.913815438747406,0.3420417904853821
student_resnet8x4_kd_s2,resnet8x4,kd,defocus_blur,2,0.6890000104904175,0.133003830909729,1.3338221311569214,0.45536717772483826,0.8212483525276184,0.7116000056266785,0.9015817642211914,0.32877814769744873
student_resnet8x4_dkd_nckd,resnet8x4,dkd,defocus_blur,3,0.6104000210762024,0.04051096737384796,1.50574791431427,0.522818386554718,0.5833482146263123,0.6693999767303467,0.7443029284477234,0.371268093585968
student_resnet8x4_dkd_s1,resnet8x4,dkd,defocus_blur,3,0.609499990940094,0.09178728610277176,1.5673878192901611,0.5358152389526367,0.6992732882499695,0.6662999987602234,0.7808218002319336,0.35855749249458313
student_resnet8x4_dkd_s2,resnet8x4,dkd,defocus_blur,3,0.6219000220298767,0.09253337979316711,1.5257582664489746,0.5204237699508667,0.7126774787902832,0.6769000291824341,0.784255862236023,0.3659473955631256
student_resnet8x4_dkd_tckd,resnet8x4,dkd,defocus_blur,3,0.5198000073432922,0.2073352336883545,2.35978627204895,0.6957995891571045,0.7269819974899292,0.5598000288009644,1.7967357635498047,0.30062076449394226
student_resnet8x4_kd_s1,resnet8x4,kd,defocus_blur,3,0.5794000029563904,0.18783320486545563,1.9108062982559204,0.6103774309158325,0.7672332525253296,0.6220999956130981,1.1856108903884888,0.32397279143333435
student_resnet8x4_kd_s2,resnet8x4,kd,defocus_blur,3,0.5932000279426575,0.18361440300941467,1.867941975593567,0.59380042552948,0.7762981057167053,0.6319000124931335,1.1584341526031494,0.32397279143333435
student_resnet8x4_dkd_nckd,resnet8x4,dkd,defocus_blur,4,0.48570001125335693,0.04227351397275925,2.0685036182403564,0.6614789366722107,0.5110453963279724,0.5857999920845032,0.876203715801239,0.38155046105384827
student_resnet8x4_dkd_s1,resnet8x4,dkd,defocus_blur,4,0.5015000104904175,0.1413261592388153,2.161007881164551,0.6826291680335999,0.6422299742698669,0.5903000235557556,0.927634060382843,0.3659592866897583
student_resnet8x4_dkd_s2,resnet8x4,dkd,defocus_blur,4,0.4968999922275543,0.15621379017829895,2.209684133529663,0.6876170039176941,0.651010274887085,0.5920000076293945,0.9463343620300293,0.37462103366851807
student_resnet8x4_dkd_tckd,resnet8x4,dkd,defocus_blur,4,0.38960000872612,0.30343014001846313,3.4979910850524902,0.8813790082931519,0.693030059337616,0.46050000190734863,2.298100471496582,0.2888696491718292
student_resnet8x4_kd_s1,resnet8x4,kd,defocus_blur,4,0.44769999384880066,0.2696264088153839,2.7369065284729004,0.7954017519950867,0.7173264622688293,0.5281000137329102,1.4537831544876099,0.3254655599594116
student_resnet8x4_kd_s2,resnet8x4,kd,defocus_blur,4,0.4722999930381775,0.25817427039146423,2.643080949783325,0.7669693827629089,0.7304742336273193,0.5493999719619751,1.400606393814087,0.3302295506000519
student_resnet8x4_dkd_nckd,resnet8x4,dkd,defocus_blur,5,0.2856999933719635,0.14097778499126434,3.1337625980377197,0.8759363293647766,0.4266203045845032,0.5022000074386597,1.002544641494751,0.42110955715179443
student_resnet8x4_dkd_s1,resnet8x4,dkd,defocus_blur,5,0.30489999055862427,0.26599037647247314,3.395671844482422,0.931480348110199,0.5708526968955994,0.5105999708175659,1.0658352375030518,0.41230103373527527
student_resnet8x4_dkd_s2,resnet8x4,dkd,defocus_blur,5,0.2957000136375427,0.2906821072101593,3.5336272716522217,0.9597277641296387,0.5863820314407349,0.5091000199317932,1.1039882898330688,0.42435482144355774
student_resnet8x4_dkd_tckd,resnet8x4,dkd,defocus_blur,5,0.23499999940395355,0.41848018765449524,5.621690273284912,1.1103087663650513,0.6534802317619324,0.3578000068664551,2.8556759357452393,0.2772369086742401
student_resnet8x4_kd_s1,resnet8x4,kd,defocus_blur,5,0.26759999990463257,0.38343530893325806,4.267342567443848,1.0534428358078003,0.6510353088378906,0.4187000095844269,1.7597986459732056,0.3222067654132843
student_resnet8x4_kd_s2,resnet8x4,kd,defocus_blur,5,0.27399998903274536,0.3931284248828888,4.2810845375061035,1.0583075284957886,0.6671284437179565,0.45320001244544983,1.6567845344543457,0.3694946765899658
student_resnet8x4_dkd_nckd,resnet8x4,dkd,glass_blur,1,0.1762000024318695,0.356579452753067,4.573238849639893,1.141033411026001,0.532502293586731,0.5076000094413757,1.1391962766647339,0.48802050948143005
student_resnet8x4_dkd_s1,resnet8x4,dkd,glass_blur,1,0.15790000557899475,0.5176799893379211,6.054110050201416,1.2970941066741943,0.6755799651145935,0.5185999870300293,1.4094419479370117,0.5095451474189758
student_resnet8x4_dkd_s2,resnet8x4,dkd,glass_blur,1,0.17190000414848328,0.4922809600830078,5.61728572845459,1.2567566633224487,0.6641809344291687,0.5180000066757202,1.3533244132995605,0.49878284335136414
student_resnet8x4_dkd_tckd,resnet8x4,dkd,glass_blur,1,0.1615999937057495,0.5017040371894836,7.337413311004639,1.24647057056427,0.6633040904998779,0.367000013589859,2.6848018169403076,0.32876360416412354
student_resnet8x4_kd_s1,resnet8x4,kd,glass_blur,1,0.17640000581741333,0.5127834677696228,6.000773906707764,1.2633284330368042,0.6891834735870361,0.4645000100135803,1.768730878829956,0.43561819195747375
student_resnet8x4_kd_s2,resnet8x4,kd,glass_blur,1,0.16979999840259552,0.5233885645866394,6.1009650230407715,1.2706125974655151,0.6931885480880737,0.4535999894142151,1.8168810606002808,0.42126840353012085
student_resnet8x4_dkd_nckd,resnet8x4,dkd,glass_blur,2,0.18629999458789825,0.3464756906032562,4.430907249450684,1.1207300424575806,0.5327757000923157,0.5037000179290771,1.1425937414169312,0.47718164324760437
student_resnet8x4_dkd_s1,resnet8x4,dkd,glass_blur,2,0.1736000031232834,0.49843114614486694,5.786128044128418,1.2660191059112549,0.6720311641693115,0.5128999948501587,1.4032634496688843,0.49398836493492126
student_resnet8x4_dkd_s2,resnet8x4,dkd,glass_blur,2,0.1851000040769577,0.47325456142425537,5.374168395996094,1.2252064943313599,0.658354640007019,0.5170999765396118,1.332779049873352,0.49036845564842224
student_resnet8x4_dkd_tckd,resnet8x4,dkd,glass_blur,2,0.17219999432563782,0.49593585729599,7.0959625244140625,1.2309483289718628,0.668135941028595,0.3637999892234802,2.700491189956665,0.3204912841320038
student_resnet8x4_kd_s1,resnet8x4,kd,glass_blur,2,0.1882999986410141,0.504736065864563,5.826814651489258,1.247361421585083,0.6930360198020935,0.4632999897003174,1.7915124893188477,0.42831286787986755
student_resnet8x4_kd_s2,resnet8x4,kd,glass_blur,2,0.18299999833106995,0.5150311589241028,5.970696449279785,1.2553791999816895,0.6980311870574951,0.4489000141620636,1.8360111713409424,0.40969619154930115
student_resnet8x4_dkd_nckd,resnet8x4,dkd,glass_blur,3,0.22540000081062317,0.27313724160194397,3.8947601318359375,1.0195363759994507,0.49853724241256714,0.48919999599456787,1.0831681489944458,0.4366711676120758
student_resnet8x4_dkd_s1,resnet8x4,dkd,glass_blur,3,0.21649999916553497,0.4169886112213135,4.833734035491943,1.1429495811462402,0.6334885954856873,0.4948999881744385,1.3034578561782837,0.4481731951236725
student_resnet8x4_dkd_s2,resnet8x4,dkd,glass_blur,3,0.2296999990940094,0.39963096380233765,4.598484516143799,1.112741470336914,0.6293309330940247,0.49320000410079956,1.2821977138519287,0.4388362765312195
student_resnet8x4_dkd_tckd,resnet8x4,dkd,glass_blur,3,0.19670000672340393,0.4847632050514221,6.730435371398926,1.2073472738265991,0.6814632415771484,0.3781999945640564,2.753941297531128,0.3238159716129303
student_resnet8x4_kd_s1,resnet8x4,kd,glass_blur,3,0.21770000457763672,0.49253880977630615,5.535523414611816,1.2043768167495728,0.7098239064216614,0.4521999955177307,1.8855583667755127,0.3952638804912567
student_resnet8x4_kd_s2,resnet8x4,kd,glass_blur,3,0.2167000025510788,0.49121811985969543,5.662722587585449,1.203424096107483,0.707918107509613,0.44920000433921814,1.9089728593826294,0.3910690248012543
student_resnet8x4_dkd_nckd,resnet8x4,dkd,glass_blur,4,0.1315000057220459,0.42759010195732117,5.142160415649414,1.2347452640533447,0.5587562918663025,0.5169000029563904,1.1521028280258179,0.5084038376808167
student_resnet8x4_dkd_s1,resnet8x4,dkd,glass_blur,4,0.12060000002384186,0.5870927572250366,6.973292827606201,1.3981671333312988,0.7076926827430725,0.5235000252723694,1.4695054292678833,0.5223506689071655
student_resnet8x4_dkd_s2,resnet8x4,dkd,glass_blur,4,0.1273999959230423,0.5630161762237549,6.424497604370117,1.3628913164138794,0.6904162168502808,0.5321000218391418,1.368438720703125,0.5265228152275085
student_resnet8x4_dkd_tckd,resnet8x4,dkd,glass_blur,4,0.13379999995231628,0.5238971710205078,8.106472969055176,1.294813632965088,0.6576971411705017,0.3612000048160553,2.697666883468628,0.3321015536785126
student_resnet8x4_kd_s1,resnet8x4,kd,glass_blur,4,0.14030000567436218,0.5438370704650879,6.43400239944458,1.3226174116134644,0.6841371059417725,0.4724999964237213,1.7200390100479126,0.45607343316078186
student_resnet8x4_kd_s2,resnet8x4,kd,glass_blur,4,0.13449999690055847,0.5519090294837952,6.616185188293457,1.3319371938705444,0.686409056186676,0.45590001344680786,1.755523443222046,0.4346167743206024
student_resnet8x4_dkd_nckd,resnet8x4,dkd,glass_blur,5,0.16940000653266907,0.34659141302108765,4.563390731811523,1.1300092935562134,0.5159913897514343,0.5024999976158142,1.0747979879379272,0.4757556915283203
student_resnet8x4_dkd_s1,resnet8x4,dkd,glass_blur,5,0.15780000388622284,0.4962087869644165,5.880382061004639,1.273636817932129,0.6540088057518005,0.5109000205993652,1.3189022541046143,0.49006786942481995
student_resnet8x4_dkd_s2,resnet8x4,dkd,glass_blur,5,0.16820000112056732,0.48129916191101074,5.593442916870117,1.2496305704116821,0.6494991779327393,0.508899986743927,1.2936360836029053,0.4805675446987152
student_resnet8x4_dkd_tckd,resnet8x4,dkd,glass_blur,5,0.1527000069618225,0.5211549401283264,7.8170857429504395,1.2793488502502441,0.6738549470901489,0.37599998712539673,2.6898574829101562,0.3418877124786377
student_resnet8x4_kd_s1,resnet8x4,kd,glass_blur,5,0.1680999994277954,0.532941997051239,6.260311126708984,1.2894864082336426,0.7010419964790344,0.4684000015258789,1.7857335805892944,0.4381246268749237
student_resnet8x4_kd_s2,resnet8x4,kd,glass_blur,5,0.16339999437332153,0.5381737947463989,6.456353187561035,1.2953555583953857,0.7015737891197205,0.4562999904155731,1.8003143072128296,0.4261566996574402
student_resnet8x4_dkd_nckd,resnet8x4,dkd,motion_blur,1,0.6460000276565552,0.04171886667609215,1.3563143014907837,0.47988778352737427,0.611992359161377,0.695900022983551,0.687671959400177,0.372124046087265
student_resnet8x4_dkd_s1,resnet8x4,dkd,motion_blur,1,0.6534000039100647,0.071812704205513,1.3659826517105103,0.4766453206539154,0.7215359807014465,0.7009000182151794,0.713856041431427,0.3684561550617218
student_resnet8x4_dkd_s2,resnet8x4,dkd,motion_blur,1,0.6539999842643738,0.08153382688760757,1.340555191040039,0.4708794057369232,0.7351465821266174,0.6947000026702881,0.7238379716873169,0.3544514775276184
student_resnet8x4_dkd_tckd,resnet8x4,dkd,motion_blur,1,0.5586000084877014,0.18239611387252808,2.050860643386841,0.632377564907074,0.7409961223602295,0.5928999781608582,1.619166374206543,0.3054351508617401
student_resnet8x4_kd_s1,resnet8x4,kd,motion_blur,1,0.6219000220298767,0.1673731654882431,1.652055263519287,0.5452204346656799,0.7891502380371094,0.6552000045776367,1.081520676612854,0.32477492094039917
student_resnet8x4_kd_s2,resnet8x4,kd,motion_blur,1,0.6323000192642212,0.16110748052597046,1.6232329607009888,0.5340641736984253,0.7934074997901917,0.6644999980926514,1.0633299350738525,0.327442467212677
student_resnet8x4_dkd_nckd,resnet8x4,dkd,motion_blur,2,0.551800012588501,0.03948042541742325,1.786669373512268,0.5902716517448425,0.5393590331077576,0.6236000061035156,0.8238986134529114,0.36560508608818054
student_resnet8x4_dkd_s1,resnet8x4,dkd,motion_blur,2,0.5570999979972839,0.10513786226511002,1.806952953338623,0.596357524394989,0.6601226329803467,0.6237000226974487,0.8594958782196045,0.3587261140346527
student_resnet8x4_dkd_s2,resnet8x4,dkd,motion_blur,2,0.5672000050544739,0.10678403079509735,1.782563328742981,0.5851077437400818,0.6723774075508118,0.6283000111579895,0.8742531538009644,0.3487898111343384
student_resnet8x4_dkd_tckd,resnet8x4,dkd,motion_blur,2,0.4507000148296356,0.2567879557609558,2.9148499965667725,0.7884839177131653,0.7074878811836243,0.5042999982833862,2.042985439300537,0.2980891764163971
student_resnet8x4_kd_s1,resnet8x4,kd,motion_blur,2,0.5230000019073486,0.22069257497787476,2.235734224319458,0.6867196559906006,0.7431922554969788,0.5758000016212463,1.3107837438583374,0.31770700216293335
student_resnet8x4_kd_s2,resnet8x4,kd,motion_blur,2,0.5338000059127808,0.21231000125408173,2.1851208209991455,0.6696019768714905,0.7460331320762634,0.5896999835968018,1.2852308750152588,0.3253503143787384
student_resnet8x4_dkd_nckd,resnet8x4,dkd,motion_blur,3,0.4611000120639801,0.041449155658483505,2.2376956939697266,0.691412627696991,0.4837561547756195,0.5583999752998352,0.9358789324760437,0.35534462332725525
student_resnet8x4_dkd_s1,resnet8x4,dkd,motion_blur,3,0.46790000796318054,0.14260150492191315,2.2987442016601562,0.7062699198722839,0.6105014681816101,0.5649999976158142,0.9868195056915283,0.35204291343688965
student_resnet8x4_dkd_s2,resnet8x4,dkd,motion_blur,3,0.4781000018119812,0.14528661966323853,2.2802670001983643,0.7003637552261353,0.6216123104095459,0.5587999820709229,1.008711338043213,0.3355344533920288
student_resnet8x4_dkd_tckd,resnet8x4,dkd,motion_blur,3,0.36070001125335693,0.3183964490890503,3.825946569442749,0.9143734574317932,0.6790964603424072,0.4408999979496002,2.3733370304107666,0.2872472107410431
student_resnet8x4_kd_s1,resnet8x4,kd,motion_blur,3,0.4359000027179718,0.26430320739746094,2.8418025970458984,0.8065595626831055,0.7002032399177551,0.51419997215271,1.4939296245574951,0.31035906076431274
student_resnet8x4_kd_s2,resnet8x4,kd,motion_blur,3,0.4375,0.2670992314815521,2.832408905029297,0.8048023581504822,0.7045992016792297,0.516700029373169,1.4776521921157837,0.31262898445129395
student_resnet8x4_dkd_nckd,resnet8x4,dkd,motion_blur,4,0.4607999920845032,0.032970938831567764,2.2271244525909424,0.6855679154396057,0.48534002900123596,0.5645999908447266,0.9290775656700134,0.360291063785553
student_resnet8x4_dkd_s1,resnet8x4,dkd,motion_blur,4,0.46880000829696655,0.1438482105731964,2.301392078399658,0.7071080803871155,0.6109523177146912,0.5658000111579895,0.9799969792366028,0.35363826155662537
student_resnet8x4_dkd_s2,resnet8x4,dkd,motion_blur,4,0.47999998927116394,0.14535807073116302,2.2647666931152344,0.6936584115028381,0.6250847578048706,0.5648999810218811,1.003108024597168,0.34199583530426025
student_resnet8x4_dkd_tckd,resnet8x4,dkd,motion_blur,4,0.3700000047683716,0.3092919588088989,3.7800819873809814,0.9058144688606262,0.6792919039726257,0.44699999690055847,2.3285701274871826,0.28544697165489197
student_resnet8x4_kd_s1,resnet8x4,kd,motion_blur,4,0.4372999966144562,0.2645152509212494,2.84722900390625,0.806267261505127,0.7018152475357056,0.5163999795913696,1.4897745847702026,0.3149688243865967
student_resnet8x4_kd_s2,resnet8x4,kd,motion_blur,4,0.44269999861717224,0.2644564211368561,2.8227179050445557,0.799549400806427,0.7071564793586731,0.5238000154495239,1.4615370035171509,0.3209979236125946
student_resnet8x4_dkd_nckd,resnet8x4,dkd,motion_blur,5,0.38109999895095825,0.07353892177343369,2.655519485473633,0.773479163646698,0.4486294984817505,0.5105000138282776,1.0208967924118042,0.35881519317626953
student_resnet8x4_dkd_s1,resnet8x4,dkd,motion_blur,5,0.39489999413490295,0.18053877353668213,2.7626843452453613,0.8008337020874023,0.5749099850654602,0.5235000252723694,1.0818644762039185,0.3620077967643738
student_resnet8x4_dkd_s2,resnet8x4,dkd,motion_blur,5,0.4049000144004822,0.18051105737686157,2.729583978652954,0.793388307094574,0.585411012172699,0.5142999887466431,1.103940486907959,0.3401915431022644
student_resnet8x4_dkd_tckd,resnet8x4,dkd,motion_blur,5,0.30219998955726624,0.35886135697364807,4.647755146026611,1.0046989917755127,0.6610614061355591,0.3986000120639801,2.572794198989868,0.2781127989292145
student_resnet8x4_kd_s1,resnet8x4,kd,motion_blur,5,0.3596000075340271,0.31561577320098877,3.445035457611084,0.9181888699531555,0.6752157807350159,0.45910000801086426,1.6597906351089478,0.3057821989059448
student_resnet8x4_kd_s2,resnet8x4,kd,motion_blur,5,0.36489999294281006,0.3187248110771179,3.451923370361328,0.9193089008331299,0.6836248636245728,0.47119998931884766,1.6322077512741089,0.3178431987762451
student_resnet8x4_dkd_nckd,resnet8x4,dkd,zoom_blur,1,0.6173999905586243,0.042202942073345184,1.483880639076233,0.515889048576355,0.5839896202087402,0.6769999861717224,0.734376072883606,0.3759830594062805
student_resnet8x4_dkd_s1,resnet8x4,dkd,zoom_blur,1,0.6225000023841858,0.083953358232975,1.5072736740112305,0.5188919901847839,0.7008129358291626,0.6740000247955322,0.7587770223617554,0.36237144470214844
student_resnet8x4_dkd_s2,resnet8x4,dkd,zoom_blur,1,0.6291999816894531,0.08526773005723953,1.4887206554412842,0.5107104778289795,0.7127765417098999,0.6811000108718872,0.7748826742172241,0.3641863167285919
student_resnet8x4_dkd_tckd,resnet8x4,dkd,zoom_blur,1,0.5187000036239624,0.2084776610136032,2.316679000854492,0.6872500777244568,0.7271776795387268,0.5598000288009644,1.776610016822815,0.29703569412231445
student_resnet8x4_kd_s1,resnet8x4,kd,zoom_blur,1,0.5892999768257141,0.18168780207633972,1.8400226831436157,0.5957770347595215,0.7695636749267578,0.6320000290870667,1.1463209390640259,0.3281911611557007
student_resnet8x4_kd_s2,resnet8x4,kd,zoom_blur,1,0.6008999943733215,0.17820321023464203,1.8036816120147705,0.5810183882713318,0.7791032195091248,0.638700008392334,1.1408036947250366,0.3197217285633087
student_resnet8x4_dkd_nckd,resnet8x4,dkd,zoom_blur,2,0.5806000232696533,0.04008046165108681,1.653432846069336,0.5592288970947266,0.5562058091163635,0.6448000073432922,0.7872817516326904,0.36108866333961487
student_resnet8x4_dkd_s1,resnet8x4,dkd,zoom_blur,2,0.5771999955177307,0.10196773707866669,1.7257391214370728,0.5753116607666016,0.6754122972488403,0.6371999979019165,0.8271446228027344,0.3519267141819
student_resnet8x4_dkd_s2,resnet8x4,dkd,zoom_blur,2,0.589900016784668,0.10234823822975159,1.6947296857833862,0.5638807415962219,0.6889621019363403,0.6452999711036682,0.8363263607025146,0.349232017993927
student_resnet8x4_dkd_tckd,resnet8x4,dkd,zoom_blur,2,0.47540000081062317,0.23604747653007507,2.648852825164795,0.7476155757904053,0.7114474773406982,0.5213000178337097,1.9701021909713745,0.2869846522808075
student_resnet8x4_kd_s1,resnet8x4,kd,zoom_blur,2,0.5444999933242798,0.20334993302822113,2.1159253120422363,0.6588289141654968,0.7478251457214355,0.5932999849319458,1.2669386863708496,0.3136620819568634
student_resnet8x4_kd_s2,resnet8x4,kd,zoom_blur,2,0.5612000226974487,0.19816026091575623,2.0697286128997803,0.6417009830474854,0.7593603134155273,0.6050999760627747,1.2497187852859497,0.3125842213630676
student_resnet8x4_dkd_nckd,resnet8x4,dkd,zoom_blur,3,0.5206000208854675,0.037731658667325974,1.93331778049469,0.6266209483146667,0.5182657837867737,0.6021000146865845,0.8497944474220276,0.35910454392433167
student_resnet8x4_dkd_s1,resnet8x4,dkd,zoom_blur,3,0.5170999765396118,0.12871763110160828,2.060246706008911,0.6547418832778931,0.64252108335495,0.5976999998092651,0.9046075344085693,0.3526425063610077
student_resnet8x4_dkd_s2,resnet8x4,dkd,zoom_blur,3,0.5263000130653381,0.13272324204444885,2.022425889968872,0.6430657505989075,0.6571595668792725,0.6069999933242798,0.9098975658416748,0.3563351035118103
student_resnet8x4_dkd_tckd,resnet8x4,dkd,zoom_blur,3,0.41499999165534973,0.27691733837127686,3.2148663997650146,0.8389120101928711,0.691917359828949,0.47589999437332153,2.2272560596466064,0.28179091215133667
student_resnet8x4_kd_s1,resnet8x4,kd,zoom_blur,3,0.4765999913215637,0.24470050632953644,2.5461063385009766,0.7517856359481812,0.7213005423545837,0.5430999994277954,1.4108155965805054,0.30717748403549194
student_resnet8x4_kd_s2,resnet8x4,kd,zoom_blur,3,0.4961000084877014,0.23926657438278198,2.4825687408447266,0.7302682995796204,0.7353665828704834,0.5565000176429749,1.3843061923980713,0.3101777136325836
student_resnet8x4_dkd_nckd,resnet8x4,dkd,zoom_blur,4,0.4632999897003174,0.0419536828994751,2.202157735824585,0.6865381598472595,0.4925915598869324,0.5674999952316284,0.9026946425437927,0.3628067374229431
student_resnet8x4_dkd_s1,resnet8x4,dkd,zoom_blur,4,0.46129998564720154,0.1630096584558487,2.3900575637817383,0.7257641553878784,0.6217150092124939,0.5716999769210815,0.9677793979644775,0.36970189213752747
student_resnet8x4_dkd_s2,resnet8x4,dkd,zoom_blur,4,0.4747999906539917,0.16370657086372375,2.351442575454712,0.7154250144958496,0.6361899375915527,0.5821999907493591,0.971443772315979,0.37233826518058777
student_resnet8x4_dkd_tckd,resnet8x4,dkd,zoom_blur,4,0.3603000044822693,0.3203467130661011,3.790026903152466,0.9183136820793152,0.6806466579437256,0.4336000084877014,2.460343837738037,0.2723585367202759
student_resnet8x4_kd_s1,resnet8x4,kd,zoom_blur,4,0.42559999227523804,0.27537456154823303,2.963927745819092,0.8275937438011169,0.7009745836257935,0.5040000081062317,1.5368438959121704,0.2979111671447754
student_resnet8x4_kd_s2,resnet8x4,kd,zoom_blur,4,0.44519999623298645,0.2735956907272339,2.8904638290405273,0.8079160451889038,0.7187957763671875,0.5227000117301941,1.4984415769577026,0.31312108039855957
student_resnet8x4_dkd_nckd,resnet8x4,dkd,zoom_blur,5,0.3935999870300293,0.06790890544652939,2.5834081172943115,0.7640584707260132,0.4601883888244629,0.5307999849319458,0.9540550708770752,0.37351295351982117
student_resnet8x4_dkd_s1,resnet8x4,dkd,zoom_blur,5,0.3939000070095062,0.20141249895095825,2.841684103012085,0.8148319125175476,0.5945497751235962,0.5324000120162964,1.030255913734436,0.37141358852386475
student_resnet8x4_dkd_s2,resnet8x4,dkd,zoom_blur,5,0.4036000072956085,0.2050558626651764,2.807065725326538,0.8080945014953613,0.6085080504417419,0.5471000075340271,1.033558964729309,0.38680896162986755
student_resnet8x4_dkd_tckd,resnet8x4,dkd,zoom_blur,5,0.30219998955726624,0.3637940585613251,4.599879264831543,1.0058040618896484,0.6659941077232361,0.38999998569488525,2.719217538833618,0.2659202218055725
student_resnet8x4_kd_s1,resnet8x4,kd,zoom_blur,5,0.35670000314712524,0.31858640909194946,3.54074764251709,0.9238091111183167,0.6752863526344299,0.4537000060081482,1.6757313013076782,0.29321202635765076
student_resnet8x4_kd_s2,resnet8x4,kd,zoom_blur,5,0.374099999666214,0.32323411107063293,3.462167501449585,0.9107305407524109,0.6973341107368469,0.4799000024795532,1.6133012771606445,0.32032889127731323
student_resnet8x4_dkd_nckd,resnet8x4,dkd,snow,1,0.6564000248908997,0.0502171590924263,1.3051245212554932,0.46777892112731934,0.6079511642456055,0.6840000152587891,0.6978303790092468,0.3402160108089447
student_resnet8x4_dkd_s1,resnet8x4,dkd,snow,1,0.6632999777793884,0.06514770537614822,1.3089064359664917,0.4632566273212433,0.7198526263237,0.6865000128746033,0.7421609163284302,0.3332274556159973
student_resnet8x4_dkd_s2,resnet8x4,dkd,snow,1,0.6721000075340271,0.06770232319831848,1.2684288024902344,0.45061826705932617,0.7307919859886169,0.6894000172615051,0.7428768873214722,0.3275095224380493
student_resnet8x4_dkd_tckd,resnet8x4,dkd,snow,1,0.5637999773025513,0.1800997257232666,2.0027613639831543,0.6268311738967896,0.7438997626304626,0.5788999795913696,1.6620442867279053,0.2700127065181732
student_resnet8x4_kd_s1,resnet8x4,kd,snow,1,0.6323000192642212,0.15540073812007904,1.6368777751922607,0.5359116792678833,0.7875012159347534,0.6504999995231628,1.138745665550232,0.30082592368125916
student_resnet8x4_kd_s2,resnet8x4,kd,snow,1,0.6313999891281128,0.1590658575296402,1.652849793434143,0.5367304682731628,0.7904520630836487,0.6470000147819519,1.1508688926696777,0.2982846200466156
student_resnet8x4_dkd_nckd,resnet8x4,dkd,snow,2,0.46950000524520874,0.05004618689417839,2.16497540473938,0.6813684105873108,0.5033721327781677,0.5631999969482422,0.9384413957595825,0.35692834854125977
student_resnet8x4_dkd_s1,resnet8x4,dkd,snow,2,0.4779999852180481,0.14579536020755768,2.2875754833221436,0.7033321261405945,0.6234896779060364,0.5604000091552734,1.0412425994873047,0.3371943235397339
student_resnet8x4_dkd_s2,resnet8x4,dkd,snow,2,0.4973999857902527,0.14483880996704102,2.1831493377685547,0.6808660626411438,0.6363206505775452,0.5709999799728394,1.0310357809066772,0.34019735455513
student_resnet8x4_dkd_tckd,resnet8x4,dkd,snow,2,0.39340001344680786,0.3061370551586151,3.4821155071258545,0.8807324171066284,0.6995370388031006,0.4560000002384186,2.3140172958374023,0.27799227833747864
student_resnet8x4_kd_s1,resnet8x4,kd,snow,2,0.4490000009536743,0.2656131386756897,2.8096930980682373,0.7968400716781616,0.714585542678833,0.5162000060081482,1.5618305206298828,0.3050193190574646
student_resnet8x4_kd_s2,resnet8x4,kd,snow,2,0.4496999979019165,0.2707890272140503,2.797978162765503,0.7976464629173279,0.7204890251159668,0.5127999782562256,1.6145447492599487,0.2981553077697754
student_resnet8x4_dkd_nckd,resnet8x4,dkd,snow,3,0.5419999957084656,0.028564568608999252,1.8106876611709595,0.596895158290863,0.523215651512146,0.5945000052452087,0.8789366483688354,0.3306470811367035
student_resnet8x4_dkd_s1,resnet8x4,dkd,snow,3,0.5455999970436096,0.09542399644851685,1.8813884258270264,0.6106699109077454,0.6401546001434326,0.5954999923706055,0.9375549554824829,0.3209291398525238
student_resnet8x4_dkd_s2,resnet8x4,dkd,snow,3,0.5598999857902527,0.09518972039222717,1.8137824535369873,0.5911733508110046,0.6545298099517822,0.5974000096321106,0.94002366065979,0.310026079416275
student_resnet8x4_dkd_tckd,resnet8x4,dkd,snow,3,0.44530001282691956,0.26016855239868164,2.935105085372925,0.7947267889976501,0.7054685354232788,0.4887000024318695,2.142260789871216,0.272339403629303
student_resnet8x4_kd_s1,resnet8x4,kd,snow,3,0.5080999732017517,0.2246895134449005,2.3456578254699707,0.7039580941200256,0.7327666878700256,0.5493000149726868,1.4453283548355103,0.2818203270435333
student_resnet8x4_kd_s2,resnet8x4,kd,snow,3,0.5103999972343445,0.22753964364528656,2.363481044769287,0.7058275938034058,0.7377728223800659,0.546999990940094,1.4663769006729126,0.2834795117378235
student_resnet8x4_dkd_nckd,resnet8x4,dkd,snow,4,0.5103999972343445,0.035976510494947433,1.9684560298919678,0.6370312571525574,0.4987490773200989,0.5713000297546387,0.9068270325660706,0.3246869444847107
student_resnet8x4_dkd_s1,resnet8x4,dkd,snow,4,0.5134000182151794,0.10466770827770233,2.0247464179992676,0.6448795199394226,0.6176833510398865,0.573199987411499,0.9783869385719299,0.31887298822402954
student_resnet8x4_dkd_s2,resnet8x4,dkd,snow,4,0.5231999754905701,0.10966594517230988,1.9822217226028442,0.6363416910171509,0.632236659526825,0.5806999802589417,0.9736456274986267,0.32669946551322937
student_resnet8x4_dkd_tckd,resnet8x4,dkd,snow,4,0.41589999198913574,0.27804234623908997,3.1266770362854004,0.837592601776123,0.6937981247901917,0.460999995470047,2.240943670272827,0.2609570622444153
student_resnet8x4_kd_s1,resnet8x4,kd,snow,4,0.4875999987125397,0.22801890969276428,2.4789936542510986,0.7316274642944336,0.715618908405304,0.5394999980926514,1.459615707397461,0.2929338216781616
student_resnet8x4_kd_s2,resnet8x4,kd,snow,4,0.4810999929904938,0.24044841527938843,2.534928798675537,0.7490976452827454,0.7215357422828674,0.5322999954223633,1.4887409210205078,0.289355993270874
student_resnet8x4_dkd_nckd,resnet8x4,dkd,snow,5,0.41280001401901245,0.05396803095936775,2.4496777057647705,0.7441733479499817,0.45493417978286743,0.5267999768257141,1.0000293254852295,0.35128894448280334
student_resnet8x4_dkd_s1,resnet8x4,dkd,snow,5,0.41760000586509705,0.1555907428264618,2.570690631866455,0.7719711661338806,0.5728518962860107,0.5250999927520752,1.0905883312225342,0.34090033173561096
student_resnet8x4_dkd_s2,resnet8x4,dkd,snow,5,0.4357999861240387,0.151662215590477,2.4762930870056152,0.7475743889808655,0.5870121717453003,0.5268999934196472,1.0780028104782104,0.3322431743144989
student_resnet8x4_dkd_tckd,resnet8x4,dkd,snow,5,0.3391999900341034,0.3329859673976898,3.8286473751068115,0.943976640701294,0.6721859574317932,0.4072999954223633,2.4870312213897705,0.2654867172241211
student_resnet8x4_kd_s1,resnet8x4,kd,snow,5,0.3873000144958496,0.29500338435173035,3.131058692932129,0.8698367476463318,0.6817351579666138,0.47380000352859497,1.6385794878005981,0.2981916069984436
student_resnet8x4_kd_s2,resnet8x4,kd,snow,5,0.39750000834465027,0.2898971736431122,3.1022608280181885,0.8660686612129211,0.6873972415924072,0.4749999940395355,1.6656718254089355,0.2878029942512512
student_resnet8x4_dkd_nckd,resnet8x4,dkd,frost,1,0.6237999796867371,0.039303574711084366,1.4612922668457031,0.5072309374809265,0.5940266847610474,0.6798999905586243,0.7150924205780029,0.3812688887119293
student_resnet8x4_dkd_s1,resnet8x4,dkd,frost,1,0.6236000061035156,0.080686554312706,1.5148934125900269,0.5176520347595215,0.701191246509552,0.6751000285148621,0.7690984010696411,0.36858007311820984
student_resnet8x4_dkd_s2,resnet8x4,dkd,frost,1,0.6406000256538391,0.0810522586107254,1.431443214416504,0.4931849241256714,0.7159981727600098,0.6794000267982483,0.757042407989502,0.3574018180370331
student_resnet8x4_dkd_tckd,resnet8x4,dkd,frost,1,0.5544000267982483,0.18775781989097595,2.0755462646484375,0.6399450302124023,0.7421578764915466,0.5845999717712402,1.6402970552444458,0.30845922231674194
student_resnet8x4_kd_s1,resnet8x4,kd,frost,1,0.6007000207901001,0.18108555674552917,1.8138988018035889,0.5785320401191711,0.7816231846809387,0.6391000151634216,1.1500030755996704,0.3265860974788666
student_resnet8x4_kd_s2,resnet8x4,kd,frost,1,0.6100999712944031,0.17412415146827698,1.766509771347046,0.5656853318214417,0.7842242121696472,0.6460999846458435,1.129197120666504,0.32779455184936523
student_resnet8x4_dkd_nckd,resnet8x4,dkd,frost,2,0.5202000141143799,0.04177262261509895,1.9369970560073853,0.6304986476898193,0.5269441604614258,0.6205999851226807,0.8579115271568298,0.4016706347465515
student_resnet8x4_dkd_s1,resnet8x4,dkd,frost,2,0.5152999758720398,0.13256895542144775,2.077502965927124,0.6598585844039917,0.6414263844490051,0.6032000184059143,0.9351143836975098,0.3756563365459442
student_resnet8x4_dkd_s2,resnet8x4,dkd,frost,2,0.5440999865531921,0.11469313502311707,1.9507163763046265,0.623527467250824,0.655419111251831,0.6209999918937683,0.8966106176376343,0.37231504917144775
student_resnet8x4_dkd_tckd,resnet8x4,dkd,frost,2,0.44859999418258667,0.25850898027420044,2.826464891433716,0.7916146516799927,0.7071089148521423,0.5073999762535095,1.9695515632629395,0.301670640707016
student_resnet8x4_kd_s1,resnet8x4,kd,frost,2,0.5027999877929688,0.2323826551437378,2.4631803035736084,0.7239947319030762,0.7351826429367065,0.5719000101089478,1.3499221801757812,0.3386634886264801
student_resnet8x4_kd_s2,resnet8x4,kd,frost,2,0.5123999714851379,0.227439284324646,2.3838160037994385,0.7120208740234375,0.7396492958068848,0.5758000016212463,1.3483105897903442,0.3324582278728485
student_resnet8x4_dkd_nckd,resnet8x4,dkd,frost,3,0.39149999618530273,0.09229504317045212,2.6272711753845215,0.786331295967102,0.4753059148788452,0.5486999750137329,0.9921252727508545,0.41453465819358826
student_resnet8x4_dkd_s1,resnet8x4,dkd,frost,3,0.3880999982357025,0.21358466148376465,2.9520046710968018,0.8444904088973999,0.6011605262756348,0.5374000072479248,1.1269841194152832,0.39469781517982483
student_resnet8x4_dkd_s2,resnet8x4,dkd,frost,3,0.4113999903202057,0.19522786140441895,2.753211498260498,0.8023773431777954,0.6059091091156006,0.550000011920929,1.0517116785049438,0.3939562439918518
student_resnet8x4_dkd_tckd,resnet8x4,dkd,frost,3,0.33009999990463257,0.3452915847301483,4.067806243896484,0.9712178707122803,0.6753916144371033,0.43540000915527344,2.3003737926483154,0.3175750970840454
student_resnet8x4_kd_s1,resnet8x4,kd,frost,3,0.3686000108718872,0.3262402415275574,3.4748988151550293,0.9228194355964661,0.6945767402648926,0.4943999946117401,1.6018375158309937,0.3566926121711731
student_resnet8x4_kd_s2,resnet8x4,kd,frost,3,0.37770000100135803,0.3209059238433838,3.369169235229492,0.9091742038726807,0.6985477805137634,0.4986000061035156,1.561133623123169,0.35298478603363037
student_resnet8x4_dkd_nckd,resnet8x4,dkd,frost,4,0.38019999861717224,0.10795117169618607,2.768735885620117,0.8084055185317993,0.47659388184547424,0.5461999773979187,0.9966972470283508,0.41842955350875854
student_resnet8x4_dkd_s1,resnet8x4,dkd,frost,4,0.37070000171661377,0.23488904535770416,3.151442289352417,0.8771949410438538,0.6038771271705627,0.5325000286102295,1.1514571905136108,0.40516313910484314
student_resnet8x4_dkd_s2,resnet8x4,dkd,frost,4,0.399399995803833,0.21162596344947815,2.9423742294311523,0.8343974351882935,0.6106718182563782,0.5522000193595886,1.0710220336914062,0.4044460356235504
student_resnet8x4_dkd_tckd,resnet8x4,dkd,frost,4,0.31040000915527344,0.36775439977645874,4.366704940795898,1.0054993629455566,0.6781543493270874,0.43709999322891235,2.3086330890655518,0.336141973733902
student_resnet8x4_kd_s1,resnet8x4,kd,frost,4,0.3538999855518341,0.3444285988807678,3.7237484455108643,0.9543787837028503,0.6983285546302795,0.4936999976634979,1.6118627786636353,0.36608102917671204
student_resnet8x4_kd_s2,resnet8x4,kd,frost,4,0.36059999465942383,0.3438422977924347,3.6084964275360107,0.9441829919815063,0.7044422626495361,0.4977000057697296,1.6054203510284424,0.36787378787994385
student_resnet8x4_dkd_nckd,resnet8x4,dkd,frost,5,0.2793000042438507,0.18255363404750824,3.4226090908050537,0.9326286315917969,0.4581664204597473,0.5149000287055969,1.0686240196228027,0.44665849208831787
student_resnet8x4_dkd_s1,resnet8x4,dkd,frost,5,0.27570000290870667,0.3218764066696167,4.013625621795654,1.0291939973831177,0.5969101786613464,0.5065000057220459,1.2634106874465942,0.43255671858787537
student_resnet8x4_dkd_s2,resnet8x4,dkd,frost,5,0.2896000146865845,0.3065471053123474,3.8009839057922363,0.9970507621765137,0.5961470603942871,0.527400016784668,1.1579253673553467,0.45294296741485596
student_resnet8x4_dkd_tckd,resnet8x4,dkd,frost,5,0.22679999470710754,0.4449484050273895,5.709380626678467,1.143594741821289,0.6717484593391418,0.41749998927116394,2.3984534740448,0.3712446391582489
student_resnet8x4_kd_s1,resnet8x4,kd,frost,5,0.26010000705718994,0.42621472477912903,4.702566623687744,1.1085327863693237,0.6862543225288391,0.4690999984741211,1.703275442123413,0.40220722556114197
student_resnet8x4_kd_s2,resnet8x4,kd,frost,5,0.26440000534057617,0.4268170893192291,4.626040458679199,1.1051703691482544,0.6912170648574829,0.46799999475479126,1.6781023740768433,0.3991416394710541
student_resnet8x4_dkd_nckd,resnet8x4,dkd,fog,1,0.7365999817848206,0.04937814548611641,0.9733424782752991,0.3692289888858795,0.6872218251228333,0.7678999900817871,0.542435348033905,0.3933333456516266
student_resnet8x4_dkd_s1,resnet8x4,dkd,fog,1,0.7430999875068665,0.04520169273018837,0.9568288922309875,0.35692089796066284,0.7820042967796326,0.7674000263214111,0.5577015280723572,0.36844444274902344
student_resnet8x4_dkd_s2,resnet8x4,dkd,fog,1,0.7444999814033508,0.0543467178940773,0.9563970565795898,0.3591004014015198,0.7926164269447327,0.769599974155426,0.565101683139801,0.3786666691303253
student_resnet8x4_dkd_tckd,resnet8x4,dkd,fog,1,0.6646000146865845,0.1202201396226883,1.3740969896316528,0.4831944406032562,0.784548819065094,0.6769999861717224,1.200821042060852,0.30488887429237366
student_resnet8x4_kd_s1,resnet8x4,kd,fog,1,0.7196999788284302,0.11922561377286911,1.1914232969284058,0.4134681224822998,0.8388921618461609,0.7372999787330627,0.8546789884567261,0.335999995470047
student_resnet8x4_kd_s2,resnet8x4,kd,fog,1,0.7257000207901001,0.11489748954772949,1.159751534461975,0.4052150249481201,0.8404912948608398,0.741100013256073,0.8260806798934937,0.3355555534362793
student_resnet8x4_dkd_nckd,resnet8x4,dkd,fog,2,0.6920999884605408,0.04861093685030937,1.1473186016082764,0.42464086413383484,0.6449639201164246,0.7321000099182129,0.6214908957481384,0.3867664337158203
student_resnet8x4_dkd_s1,resnet8x4,dkd,fog,2,0.6991000175476074,0.05251940339803696,1.1420530080795288,0.41587090492248535,0.7480064034461975,0.7330999970436096,0.6389123797416687,0.3729814887046814
student_resnet8x4_dkd_s2,resnet8x4,dkd,fog,2,0.7034000158309937,0.06536425650119781,1.131260871887207,0.4144482910633087,0.7607059478759766,0.736299991607666,0.6431326270103455,0.3706183433532715
student_resnet8x4_dkd_tckd,resnet8x4,dkd,fog,2,0.6017000079154968,0.16190925240516663,1.6836259365081787,0.5675058960914612,0.7636091709136963,0.6218000054359436,1.4046090841293335,0.30405670404434204
student_resnet8x4_kd_s1,resnet8x4,kd,fog,2,0.6722000241279602,0.1414109319448471,1.4272851943969727,0.48277637362480164,0.8132842779159546,0.6973000168800354,0.9673295617103577,0.3335959017276764
student_resnet8x4_kd_s2,resnet8x4,kd,fog,2,0.673799991607666,0.14368343353271484,1.4007854461669922,0.47828876972198486,0.8174834847450256,0.6984999775886536,0.9496343731880188,0.32965734601020813
student_resnet8x4_dkd_nckd,resnet8x4,dkd,fog,3,0.6399000287055969,0.046127911657094955,1.3629964590072632,0.48574647307395935,0.6021558046340942,0.6937999725341797,0.7120389938354492,0.386340469121933
student_resnet8x4_dkd_s1,resnet8x4,dkd,fog,3,0.6407999992370605,0.07191246002912521,1.3947103023529053,0.4908020496368408,0.7100609540939331,0.6917999982833862,0.7409680485725403,0.375806987285614
student_resnet8x4_dkd_s2,resnet8x4,dkd,fog,3,0.6499999761581421,0.08375772088766098,1.3733195066452026,0.48614075779914856,0.7257646918296814,0.6978999972343445,0.7373129725456238,0.37682637572288513
student_resnet8x4_dkd_tckd,resnet8x4,dkd,fog,3,0.5354999899864197,0.20684202015399933,2.1091318130493164,0.6657553911209106,0.7423419952392578,0.5699999928474426,1.6590269804000854,0.2979952394962311
student_resnet8x4_kd_s1,resnet8x4,kd,fog,3,0.607699990272522,0.1738366186618805,1.7566466331481934,0.5733800530433655,0.7815366387367249,0.6449000239372253,1.1295957565307617,0.33537206053733826
student_resnet8x4_kd_s2,resnet8x4,kd,fog,3,0.6129999756813049,0.1692676544189453,1.7146062850952148,0.5618058443069458,0.7822677493095398,0.6527000069618225,1.0950490236282349,0.3367312252521515
student_resnet8x4_dkd_nckd,resnet8x4,dkd,fog,4,0.5576000213623047,0.0339653305709362,1.7239916324615479,0.5830752849578857,0.5499251484870911,0.6308000087738037,0.8257994055747986,0.37295082211494446
student_resnet8x4_dkd_s1,resnet8x4,dkd,fog,4,0.5489000082015991,0.11362944543361664,1.839813470840454,0.6098534464836121,0.6620648503303528,0.6161999702453613,0.8855507969856262,0.35300546884536743
student_resnet8x4_dkd_s2,resnet8x4,dkd,fog,4,0.5654000043869019,0.11571568250656128,1.7849525213241577,0.5964527726173401,0.679169774055481,0.629800021648407,0.8705388903617859,0.3601092994213104
student_resnet8x4_dkd_tckd,resnet8x4,dkd,fog,4,0.4415000081062317,0.2756759822368622,2.8004512786865234,0.8029135465621948,0.7171759605407715,0.49570000171661377,2.0120089054107666,0.2961748540401459
student_resnet8x4_kd_s1,resnet8x4,kd,fog,4,0.5175999999046326,0.22801999747753143,2.2823715209960938,0.7017556428909302,0.7456199526786804,0.5688999891281128,1.3540513515472412,0.3092896044254303
student_resnet8x4_kd_s2,resnet8x4,kd,fog,4,0.5230000019073486,0.22617216408252716,2.2818100452423096,0.6976383924484253,0.7491721510887146,0.5813999772071838,1.326648473739624,0.32841530442237854
student_resnet8x4_dkd_nckd,resnet8x4,dkd,fog,5,0.32089999318122864,0.14083132147789001,2.998215675354004,0.8611299991607666,0.4615858495235443,0.4945000112056732,1.0611580610275269,0.3847315311431885
student_resnet8x4_dkd_s1,resnet8x4,dkd,fog,5,0.30239999294281006,0.2894984483718872,3.489469528198242,0.9592430591583252,0.5918983817100525,0.4855000078678131,1.2294259071350098,0.39110738039016724
student_resnet8x4_dkd_s2,resnet8x4,dkd,fog,5,0.32899999618530273,0.2709670662879944,3.3233015537261963,0.9267159104347229,0.5998064279556274,0.4977000057697296,1.2046064138412476,0.38775166869163513
student_resnet8x4_dkd_tckd,resnet8x4,dkd,fog,5,0.23420000076293945,0.4553837180137634,5.343183517456055,1.1383825540542603,0.6895837187767029,0.36469998955726624,2.836172103881836,0.30385905504226685
student_resnet8x4_kd_s1,resnet8x4,kd,fog,5,0.28519999980926514,0.4094717502593994,4.238258361816406,1.063734531402588,0.6946717500686646,0.43880000710487366,1.8585401773452759,0.35083892941474915
student_resnet8x4_kd_s2,resnet8x4,kd,fog,5,0.28369998931884766,0.4158177673816681,4.4246392250061035,1.080489158630371,0.6992109417915344,0.44350001215934753,1.8926750421524048,0.35604026913642883
student_resnet8x4_dkd_nckd,resnet8x4,dkd,brightness,1,0.7440999746322632,0.05109767988324165,0.9530048966407776,0.3612740933895111,0.6933244466781616,0.7742000222206116,0.533460795879364,0.39620938897132874
student_resnet8x4_dkd_s1,resnet8x4,dkd,brightness,1,0.7520999908447266,0.046422988176345825,0.9312947988510132,0.34835606813430786,0.7897664308547974,0.7774999737739563,0.541130781173706,0.38176894187927246
student_resnet8x4_dkd_s2,resnet8x4,dkd,brightness,1,0.7527999877929688,0.053612031042575836,0.9242422580718994,0.3490583896636963,0.797735333442688,0.7739999890327454,0.5514047741889954,0.37274369597435
student_resnet8x4_dkd_tckd,resnet8x4,dkd,brightness,1,0.6735000014305115,0.11546265333890915,1.3184130191802979,0.46596264839172363,0.788962721824646,0.6916000247001648,1.1484851837158203,0.32581228017807007
student_resnet8x4_kd_s1,resnet8x4,kd,brightness,1,0.7283999919891357,0.11304578185081482,1.1379650831222534,0.3978210985660553,0.8410446047782898,0.746399998664856,0.8173890709877014,0.3447653353214264
student_resnet8x4_kd_s2,resnet8x4,kd,brightness,1,0.7333999872207642,0.11018410325050354,1.1257109642028809,0.39265111088752747,0.8435840010643005,0.7491999864578247,0.8050500750541687,0.34070396423339844
student_resnet8x4_dkd_nckd,resnet8x4,dkd,brightness,2,0.7335000038146973,0.05421727895736694,0.9996998906135559,0.37576571106910706,0.6802136301994324,0.7610999941825867,0.558891236782074,0.38383838534355164
student_resnet8x4_dkd_s1,resnet8x4,dkd,brightness,2,0.7397000193595886,0.04626725986599922,0.9750832319259644,0.36226803064346313,0.7788962125778198,0.7692000269889832,0.5648648142814636,0.3807641565799713
student_resnet8x4_dkd_s2,resnet8x4,dkd,brightness,2,0.7437999844551086,0.0536811500787735,0.9603621959686279,0.35949960350990295,0.7889878153800964,0.7663000226020813,0.5716502666473389,0.36802810430526733
student_resnet8x4_dkd_tckd,resnet8x4,dkd,brightness,2,0.6635000109672546,0.11739952862262726,1.3826197385787964,0.4833090305328369,0.7808995246887207,0.6819000244140625,1.1957929134368896,0.3210364580154419
student_resnet8x4_kd_s1,resnet8x4,kd,brightness,2,0.7166000008583069,0.11690576374530792,1.180422306060791,0.4124586880207062,0.8331363201141357,0.7371000051498413,0.8427596688270569,0.343873530626297
student_resnet8x4_kd_s2,resnet8x4,kd,brightness,2,0.7200999855995178,0.11518406867980957,1.1772339344024658,0.4095175862312317,0.8352841734886169,0.7373999953269958,0.8356299996376038,0.3407993018627167
student_resnet8x4_dkd_nckd,resnet8x4,dkd,brightness,3,0.7156999707221985,0.056325215846300125,1.0776551961898804,0.39895060658454895,0.6593748331069946,0.7479000091552734,0.5946751236915588,0.3858852684497833
student_resnet8x4_dkd_s1,resnet8x4,dkd,brightness,3,0.7215999960899353,0.05283098667860031,1.0517977476119995,0.3862515985965729,0.7625874280929565,0.7523000240325928,0.6019889712333679,0.3776310384273529
student_resnet8x4_dkd_s2,resnet8x4,dkd,brightness,3,0.7297000288963318,0.05464339628815651,1.0265522003173828,0.3791000247001648,0.7729747295379639,0.7541000247001648,0.602951169013977,0.3656623959541321
student_resnet8x4_dkd_tckd,resnet8x4,dkd,brightness,3,0.6392999887466431,0.12881611287593842,1.4971413612365723,0.514260470867157,0.7681160569190979,0.6593000292778015,1.2742021083831787,0.31531161069869995
student_resnet8x4_kd_s1,resnet8x4,kd,brightness,3,0.6987000107765198,0.12254802882671356,1.267521619796753,0.4386761784553528,0.821051836013794,0.722000002861023,0.8884297013282776,0.34543952345848083
student_resnet8x4_kd_s2,resnet8x4,kd,brightness,3,0.6990000009536743,0.1241927370429039,1.2712819576263428,0.438414067029953,0.8231109380722046,0.7206000089645386,0.8848232626914978,0.3400743007659912
student_resnet8x4_dkd_nckd,resnet8x4,dkd,brightness,4,0.6898999810218811,0.059397969394922256,1.1855003833770752,0.43109986186027527,0.632270336151123,0.7264000177383423,0.6422614455223083,0.3775743842124939
student_resnet8x4_dkd_s1,resnet8x4,dkd,brightness,4,0.6991999745368958,0.054185766726732254,1.1593164205551147,0.4188719689846039,0.7406595945358276,0.7310000061988831,0.6483010053634644,0.36880242824554443
student_resnet8x4_dkd_s2,resnet8x4,dkd,brightness,4,0.7070000171661377,0.05605581775307655,1.1207976341247559,0.4079628884792328,0.7499046325683594,0.7310000061988831,0.6450520753860474,0.3546910881996155
student_resnet8x4_dkd_tckd,resnet8x4,dkd,brightness,4,0.6079000234603882,0.1461709439754486,1.6575533151626587,0.5547898411750793,0.7540709972381592,0.6308000087738037,1.3851090669631958,0.31121280789375305
student_resnet8x4_kd_s1,resnet8x4,kd,brightness,4,0.6710000038146973,0.13317543268203735,1.391421914100647,0.475066214799881,0.8034259676933289,0.6966999769210815,0.9519808888435364,0.3321891725063324
student_resnet8x4_kd_s2,resnet8x4,kd,brightness,4,0.6711999773979187,0.13549411296844482,1.399942398071289,0.47455447912216187,0.8066940307617188,0.6948000192642212,0.9496251940727234,0.33371472358703613
student_resnet8x4_dkd_nckd,resnet8x4,dkd,brightness,5,0.6183000206947327,0.05746069177985191,1.4922428131103516,0.5159971117973328,0.5660595893859863,0.6686000227928162,0.7564981579780579,0.3616224527359009
student_resnet8x4_dkd_s1,resnet8x4,dkd,brightness,5,0.6294999718666077,0.06294834613800049,1.4654818773269653,0.5050368905067444,0.6842407584190369,0.6693000197410583,0.7665557861328125,0.34102964401245117
student_resnet8x4_dkd_s2,resnet8x4,dkd,brightness,5,0.6392999887466431,0.06577374041080475,1.4144879579544067,0.4929146468639374,0.6924269199371338,0.6743000149726868,0.757824718952179,0.3416536748409271
student_resnet8x4_dkd_tckd,resnet8x4,dkd,brightness,5,0.5333999991416931,0.18548719584941864,2.1213815212249756,0.6576424837112427,0.718887209892273,0.5631999969482422,1.6662744283676147,0.2842433750629425
student_resnet8x4_kd_s1,resnet8x4,kd,brightness,5,0.5974000096321106,0.1633022278547287,1.738079309463501,0.5692672729492188,0.7607022523880005,0.6258000135421753,1.120092749595642,0.3004680275917053
student_resnet8x4_kd_s2,resnet8x4,kd,brightness,5,0.6001999974250793,0.15743303298950195,1.767601728439331,0.5729736089706421,0.7573863863945007,0.6330000162124634,1.1121333837509155,0.31544461846351624
student_resnet8x4_dkd_nckd,resnet8x4,dkd,contrast,1,0.7293000221252441,0.05279438942670822,1.012509822845459,0.3819366693496704,0.6778152585029602,0.7638000249862671,0.5580132603645325,0.39783549308776855
student_resnet8x4_dkd_s1,resnet8x4,dkd,contrast,1,0.7361999750137329,0.04890874773263931,0.995826005935669,0.370678573846817,0.7754723429679871,0.7628999948501587,0.5645192265510559,0.37402597069740295
student_resnet8x4_dkd_s2,resnet8x4,dkd,contrast,1,0.7351999878883362,0.05748557671904564,0.9899107217788696,0.3713146150112152,0.7871249318122864,0.7662000060081482,0.5713059902191162,0.3870129883289337
student_resnet8x4_dkd_tckd,resnet8x4,dkd,contrast,1,0.6496999859809875,0.1302594691514969,1.439576506614685,0.501653790473938,0.779959499835968,0.6672000288963318,1.226306676864624,0.313419908285141
student_resnet8x4_kd_s1,resnet8x4,kd,contrast,1,0.7093999981880188,0.1251884549856186,1.2388477325439453,0.4284670352935791,0.8345884084701538,0.734499990940094,0.8636370897293091,0.3471861481666565
student_resnet8x4_kd_s2,resnet8x4,kd,contrast,1,0.7142000198364258,0.1211795061826706,1.20553457736969,0.4197190999984741,0.8353471755981445,0.7312999963760376,0.8366764783859253,0.33376622200012207
student_resnet8x4_dkd_nckd,resnet8x4,dkd,contrast,2,0.6299999952316284,0.04810492694377899,1.395948886871338,0.4991307556629181,0.589367687702179,0.6924999952316284,0.7302908897399902,0.3962264060974121
student_resnet8x4_dkd_s1,resnet8x4,dkd,contrast,2,0.6399000287055969,0.07058709859848022,1.3922022581100464,0.4933556020259857,0.7057818174362183,0.6916000247001648,0.7236897349357605,0.3743261396884918
student_resnet8x4_dkd_s2,resnet8x4,dkd,contrast,2,0.6474000215530396,0.07722288370132446,1.366361379623413,0.48695531487464905,0.7216662764549255,0.6958000063896179,0.7263718843460083,0.3743261396884918
student_resnet8x4_dkd_tckd,resnet8x4,dkd,contrast,2,0.5231000185012817,0.21180056035518646,2.1486573219299316,0.680269181728363,0.7349005341529846,0.5630000233650208,1.6471492052078247,0.3116576671600342
student_resnet8x4_kd_s1,resnet8x4,kd,contrast,2,0.6061000227928162,0.1771683245897293,1.7606626749038696,0.5776376128196716,0.7832683324813843,0.6470999717712402,1.1004711389541626,0.33726415038108826
student_resnet8x4_kd_s2,resnet8x4,kd,contrast,2,0.608299970626831,0.17392446100711823,1.7241312265396118,0.5677512884140015,0.7822244167327881,0.6498000025749207,1.0912084579467773,0.3399595618247986
student_resnet8x4_dkd_nckd,resnet8x4,dkd,contrast,3,0.5378000140190125,0.04375424236059189,1.784515619277954,0.6051442623138428,0.5212092399597168,0.6238999962806702,0.8740339875221252,0.3863636255264282
student_resnet8x4_dkd_s1,resnet8x4,dkd,contrast,3,0.5496000051498413,0.10122581571340561,1.8073381185531616,0.6094002723693848,0.648903489112854,0.6328999996185303,0.8651071190834045,0.3871951103210449
student_resnet8x4_dkd_s2,resnet8x4,dkd,contrast,3,0.5595999956130981,0.10663125663995743,1.7638992071151733,0.5991729497909546,0.6653413772583008,0.6370999813079834,0.8621943593025208,0.38109755516052246
student_resnet8x4_dkd_tckd,resnet8x4,dkd,contrast,3,0.42100000381469727,0.28577920794487,2.93637752532959,0.8374975323677063,0.7067791819572449,0.4844000041484833,2.031219482421875,0.309312641620636
student_resnet8x4_kd_s1,resnet8x4,kd,contrast,3,0.5052000284194946,0.23582744598388672,2.331401824951172,0.7218883633613586,0.7410275340080261,0.5770999789237976,1.3299622535705566,0.34728381037712097
student_resnet8x4_kd_s2,resnet8x4,kd,contrast,3,0.508899986743927,0.2318599373102188,2.3085439205169678,0.7118077278137207,0.7407227754592896,0.5776000022888184,1.3286617994308472,0.3398004472255707
student_resnet8x4_dkd_nckd,resnet8x4,dkd,contrast,4,0.383899986743927,0.05737735331058502,2.497175693511963,0.7665390968322754,0.43866854906082153,0.5288000106811523,1.0822221040725708,0.39767441153526306
student_resnet8x4_dkd_s1,resnet8x4,dkd,contrast,4,0.3939000070095062,0.18472912907600403,2.611053228378296,0.8045663237571716,0.5786290764808655,0.5364999771118164,1.0869656801223755,0.39408034086227417
student_resnet8x4_dkd_s2,resnet8x4,dkd,contrast,4,0.41040000319480896,0.17818966507911682,2.536367893218994,0.7854731678962708,0.5879331827163696,0.5408999919891357,1.0681854486465454,0.38456660509109497
student_resnet8x4_dkd_tckd,resnet8x4,dkd,contrast,4,0.273499995470047,0.3972926735877991,4.536280155181885,1.0568956136703491,0.6707926988601685,0.37860000133514404,2.6269662380218506,0.2972515821456909
student_resnet8x4_kd_s1,resnet8x4,kd,contrast,4,0.3440000116825104,0.3533427119255066,3.4640371799468994,0.9601892828941345,0.6973426938056946,0.46779999136924744,1.704209327697754,0.3465116322040558
student_resnet8x4_kd_s2,resnet8x4,kd,contrast,4,0.34950000047683716,0.3456824719905853,3.5141379833221436,0.9543600678443909,0.6951824426651001,0.46860000491142273,1.7389955520629883,0.3384777903556824
student_resnet8x4_dkd_nckd,resnet8x4,dkd,contrast,5,0.11429999768733978,0.27009791135787964,4.625320911407471,1.0714685916900635,0.3843592405319214,0.42500001192092896,1.3256710767745972,0.4273282289505005
student_resnet8x4_dkd_s1,resnet8x4,dkd,contrast,5,0.11140000075101852,0.4451255798339844,5.1463704109191895,1.2253539562225342,0.5565255880355835,0.43790000677108765,1.412276029586792,0.4439537525177002
student_resnet8x4_dkd_s2,resnet8x4,dkd,contrast,5,0.1242000013589859,0.42585644125938416,5.06885290145874,1.1998854875564575,0.550056517124176,0.4318000078201294,1.3948421478271484,0.42940640449523926
student_resnet8x4_dkd_tckd,resnet8x4,dkd,contrast,5,0.07580000162124634,0.5830729007720947,9.827990531921387,1.3956366777420044,0.6588729619979858,0.3483999967575073,3.1972479820251465,0.3712170422077179
student_resnet8x4_kd_s1,resnet8x4,kd,contrast,5,0.10289999842643738,0.5606237053871155,6.633764743804932,1.3497607707977295,0.6634397506713867,0.385699987411499,2.1258041858673096,0.3925185203552246
student_resnet8x4_kd_s2,resnet8x4,kd,contrast,5,0.09070000052452087,0.6338024139404297,7.629188060760498,1.450790524482727,0.7245023846626282,0.36559998989105225,2.5911805629730225,0.3792700469493866
student_resnet8x4_dkd_nckd,resnet8x4,dkd,elastic_transform,1,0.6514999866485596,0.05096594616770744,1.3398360013961792,0.4759553074836731,0.6058874726295471,0.6996999979019165,0.6872928142547607,0.37735849618911743
student_resnet8x4_dkd_s1,resnet8x4,dkd,elastic_transform,1,0.6625999808311462,0.06565867364406586,1.324753761291504,0.46567198634147644,0.7174010872840881,0.707099974155426,0.6914832592010498,0.3708523213863373
student_resnet8x4_dkd_s2,resnet8x4,dkd,elastic_transform,1,0.667900025844574,0.06964720785617828,1.3186404705047607,0.46283385157585144,0.7315027713775635,0.7049000263214111,0.7078969478607178,0.3575146496295929
student_resnet8x4_dkd_tckd,resnet8x4,dkd,elastic_transform,1,0.5629000067710876,0.17780783772468567,1.9697816371917725,0.6257795691490173,0.7407079339027405,0.5910999774932861,1.568812370300293,0.29993492364883423
student_resnet8x4_kd_s1,resnet8x4,kd,elastic_transform,1,0.635699987411499,0.15081748366355896,1.6140367984771729,0.5325505137443542,0.7865175008773804,0.6656000018119812,1.040450930595398,0.3295380473136902
student_resnet8x4_kd_s2,resnet8x4,kd,elastic_transform,1,0.6384999752044678,0.15088248252868652,1.59303617477417,0.5245111584663391,0.7893823981285095,0.663100004196167,1.0426390171051025,0.3207547068595886
student_resnet8x4_dkd_nckd,resnet8x4,dkd,elastic_transform,2,0.6503000259399414,0.05298467352986336,1.344228982925415,0.4797840416431427,0.6015340089797974,0.6934000253677368,0.6976869106292725,0.36110201478004456
student_resnet8x4_dkd_s1,resnet8x4,dkd,elastic_transform,2,0.6610999703407288,0.06218971312046051,1.3255060911178589,0.4684715270996094,0.7191317677497864,0.7006000280380249,0.7072739005088806,0.35454246401786804
student_resnet8x4_dkd_s2,resnet8x4,dkd,elastic_transform,2,0.6656000018119812,0.06826487183570862,1.3199903964996338,0.464063435792923,0.7297713160514832,0.7023000121116638,0.7158632278442383,0.35388651490211487
student_resnet8x4_dkd_tckd,resnet8x4,dkd,elastic_transform,2,0.5615000128746033,0.1735377311706543,1.973924160003662,0.6263412833213806,0.735037624835968,0.5971999764442444,1.5872420072555542,0.31223350763320923
student_resnet8x4_kd_s1,resnet8x4,kd,elastic_transform,2,0.6255999803543091,0.15966595709323883,1.6225029230117798,0.5447840094566345,0.7852243185043335,0.6590999960899353,1.0574700832366943,0.3269924521446228
student_resnet8x4_kd_s2,resnet8x4,kd,elastic_transform,2,0.636900007724762,0.15358419716358185,1.5997581481933594,0.5301225185394287,0.7904842495918274,0.6678000092506409,1.0485540628433228,0.32535257935523987
student_resnet8x4_dkd_nckd,resnet8x4,dkd,elastic_transform,3,0.5892999768257141,0.04319362714886665,1.6038317680358887,0.5492621660232544,0.5535598397254944,0.6419000029563904,0.7926178574562073,0.3471769690513611
student_resnet8x4_dkd_s1,resnet8x4,dkd,elastic_transform,3,0.5943999886512756,0.07911034673452377,1.6296360492706299,0.5512102842330933,0.6723417043685913,0.6427000164985657,0.8172029852867126,0.3403908908367157
student_resnet8x4_dkd_s2,resnet8x4,dkd,elastic_transform,3,0.6053000092506409,0.08441013842821121,1.6094238758087158,0.541225790977478,0.6886632442474365,0.6503999829292297,0.8250851631164551,0.3412052094936371
student_resnet8x4_dkd_tckd,resnet8x4,dkd,elastic_transform,3,0.49239999055862427,0.22098591923713684,2.509674072265625,0.7269063591957092,0.713385820388794,0.5307000279426575,1.9015611410140991,0.28583061695098877
student_resnet8x4_kd_s1,resnet8x4,kd,elastic_transform,3,0.5600000023841858,0.1911255121231079,2.00394344329834,0.638048529624939,0.750498354434967,0.6033999919891357,1.2394084930419922,0.31677523255348206
student_resnet8x4_kd_s2,resnet8x4,kd,elastic_transform,3,0.5702999830245972,0.1883155107498169,1.9430830478668213,0.6180979609489441,0.7586155533790588,0.6082000136375427,1.212404727935791,0.31161782145500183
student_resnet8x4_dkd_nckd,resnet8x4,dkd,elastic_transform,4,0.5038999915122986,0.022490408271551132,1.9615181684494019,0.6347343921661377,0.4963141977787018,0.5752999782562256,0.8998075127601624,0.33785003423690796
student_resnet8x4_dkd_s1,resnet8x4,dkd,elastic_transform,4,0.5297999978065491,0.10318746417760849,1.940087080001831,0.6313232779502869,0.6320226788520813,0.5834000110626221,0.9526867270469666,0.32565492391586304
student_resnet8x4_dkd_s2,resnet8x4,dkd,elastic_transform,4,0.5297999978065491,0.10615710914134979,1.9499239921569824,0.6320580840110779,0.6345705986022949,0.5812000036239624,0.9529721736907959,0.31978321075439453
student_resnet8x4_dkd_tckd,resnet8x4,dkd,elastic_transform,4,0.4036000072956085,0.29055535793304443,3.3017659187316895,0.8525147438049316,0.6941553950309753,0.4526999890804291,2.367142677307129,0.26897019147872925
student_resnet8x4_kd_s1,resnet8x4,kd,elastic_transform,4,0.498199999332428,0.22325348854064941,2.401951789855957,0.7265468835830688,0.7214534878730774,0.5407999753952026,1.4610986709594727,0.29087623953819275
student_resnet8x4_kd_s2,resnet8x4,kd,elastic_transform,4,0.4997999966144562,0.22338926792144775,2.404130458831787,0.7216373085975647,0.7231892347335815,0.5370000004768372,1.4510117769241333,0.2868112027645111
student_resnet8x4_dkd_nckd,resnet8x4,dkd,elastic_transform,5,0.44040000438690186,0.03699186444282532,2.281512498855591,0.7081429362297058,0.4650217890739441,0.5303000211715698,0.9838308691978455,0.34017425775527954
student_resnet8x4_dkd_s1,resnet8x4,dkd,elastic_transform,5,0.46219998598098755,0.1444091945886612,2.2925596237182617,0.7163236737251282,0.6062405705451965,0.5372999906539917,1.0614280700683594,0.3310745358467102
student_resnet8x4_dkd_s2,resnet8x4,dkd,elastic_transform,5,0.46470001339912415,0.13948099315166473,2.295870542526245,0.7154040932655334,0.6036967039108276,0.5419999957084656,1.0664777755737305,0.3337850868701935
student_resnet8x4_dkd_tckd,resnet8x4,dkd,elastic_transform,5,0.36489999294281006,0.32521119713783264,3.9124317169189453,0.9205307364463806,0.6901111602783203,0.4187999963760376,2.670855760574341,0.2549854815006256
student_resnet8x4_kd_s1,resnet8x4,kd,elastic_transform,5,0.43070000410079956,0.2768522799015045,2.8619518280029297,0.8197809457778931,0.7075523138046265,0.49399998784065247,1.6445542573928833,0.2975798547267914
student_resnet8x4_kd_s2,resnet8x4,kd,elastic_transform,5,0.41940000653266907,0.28566408157348633,2.9176626205444336,0.8361998200416565,0.7050639986991882,0.48669999837875366,1.6569209098815918,0.29719263315200806
student_resnet8x4_dkd_nckd,resnet8x4,dkd,pixelate,1,0.7009999752044678,0.059493761509656906,1.13675856590271,0.4166043996810913,0.6418250799179077,0.7337999939918518,0.6210001111030579,0.37490493059158325
student_resnet8x4_dkd_s1,resnet8x4,dkd,pixelate,1,0.7087000012397766,0.049957044422626495,1.1036735773086548,0.40205731987953186,0.7455979585647583,0.7390999794006348,0.6296277642250061,0.3642585575580597
student_resnet8x4_dkd_s2,resnet8x4,dkd,pixelate,1,0.7099999785423279,0.05583546310663223,1.1061415672302246,0.4019261300563812,0.758431077003479,0.7383999824523926,0.6419380903244019,0.36007604002952576
student_resnet8x4_dkd_tckd,resnet8x4,dkd,pixelate,1,0.6279000043869019,0.13691751658916473,1.5527184009552002,0.5257586240768433,0.7645084261894226,0.6430000066757202,1.3508268594741821,0.2984790802001953
student_resnet8x4_kd_s1,resnet8x4,kd,pixelate,1,0.6811000108718872,0.12999603152275085,1.357779622077942,0.4636182188987732,0.810828447341919,0.7039999961853027,0.938652753829956,0.3365018963813782
student_resnet8x4_kd_s2,resnet8x4,kd,pixelate,1,0.6959999799728394,0.11989225447177887,1.2969900369644165,0.4435405731201172,0.81578528881073,0.7110000252723694,0.9150543808937073,0.32395437359809875
student_resnet8x4_dkd_nckd,resnet8x4,dkd,pixelate,2,0.6086000204086304,0.042123112827539444,1.523850917816162,0.5218655467033386,0.5721734762191772,0.6626999974250793,0.7499237060546875,0.3589290976524353
student_resnet8x4_dkd_s1,resnet8x4,dkd,pixelate,2,0.6118000149726868,0.07505978643894196,1.539701223373413,0.5241223573684692,0.6839042901992798,0.6635000109672546,0.7689975500106812,0.35951751470565796
student_resnet8x4_dkd_s2,resnet8x4,dkd,pixelate,2,0.6291999816894531,0.07182076573371887,1.477676510810852,0.5042840242385864,0.6989078521728516,0.6723999977111816,0.7723525166511536,0.3498087525367737
student_resnet8x4_dkd_tckd,resnet8x4,dkd,pixelate,2,0.5435000061988831,0.1917121708393097,2.197580337524414,0.6543768048286438,0.7352120876312256,0.5752999782562256,1.692646861076355,0.3009708821773529
student_resnet8x4_kd_s1,resnet8x4,kd,pixelate,2,0.5834000110626221,0.17918778955936432,1.8590883016586304,0.5962990522384644,0.7625666856765747,0.6284999847412109,1.133774757385254,0.3295086920261383
student_resnet8x4_kd_s2,resnet8x4,kd,pixelate,2,0.6079000234603882,0.1662132441997528,1.7292779684066772,0.563572883605957,0.7741131782531738,0.6388999819755554,1.1188437938690186,0.31891733407974243
student_resnet8x4_dkd_nckd,resnet8x4,dkd,pixelate,3,0.5465999841690063,0.028701622039079666,1.8109824657440186,0.5928921103477478,0.5387053489685059,0.6244000196456909,0.8312012553215027,0.3746521770954132
student_resnet8x4_dkd_s1,resnet8x4,dkd,pixelate,3,0.5472999811172485,0.10831005126237869,1.8696929216384888,0.6086341738700867,0.6517512202262878,0.6220999956130981,0.8621927499771118,0.3660511076450348
student_resnet8x4_dkd_s2,resnet8x4,dkd,pixelate,3,0.5677000284194946,0.10095065832138062,1.7676728963851929,0.5811757445335388,0.6663184762001038,0.6284000277519226,0.8625004887580872,0.35643815994262695
student_resnet8x4_dkd_tckd,resnet8x4,dkd,pixelate,3,0.48500001430511475,0.2299116551876068,2.675225257873535,0.7383131384849548,0.7149116396903992,0.5335999727249146,1.886064052581787,0.3060966432094574
student_resnet8x4_kd_s1,resnet8x4,kd,pixelate,3,0.5253000259399414,0.21516402065753937,2.2551047801971436,0.6796910762786865,0.7404640913009644,0.5842000246047974,1.2764019966125488,0.32759928703308105
student_resnet8x4_kd_s2,resnet8x4,kd,pixelate,3,0.5555999875068665,0.19321826100349426,2.0503649711608887,0.6362959146499634,0.7487632036209106,0.5976999998092651,1.2597531080245972,0.3187452554702759
student_resnet8x4_dkd_nckd,resnet8x4,dkd,pixelate,4,0.337799996137619,0.13997241854667664,3.006011962890625,0.8387869000434875,0.47569286823272705,0.49570000171661377,1.083106279373169,0.37473079562187195
student_resnet8x4_dkd_s1,resnet8x4,dkd,pixelate,4,0.3327000141143799,0.26335006952285767,3.2740302085876465,0.9020712971687317,0.5960500240325928,0.4982999861240387,1.1500197649002075,0.3815506100654602
student_resnet8x4_dkd_s2,resnet8x4,dkd,pixelate,4,0.3596999943256378,0.24264167249202728,3.0924832820892334,0.8619002103805542,0.6022831201553345,0.5131000280380249,1.140021562576294,0.3783201575279236
student_resnet8x4_dkd_tckd,resnet8x4,dkd,pixelate,4,0.29829999804496765,0.3872596025466919,5.243850231170654,1.031862735748291,0.6855596303939819,0.4169999957084656,2.516798734664917,0.31442928314208984
student_resnet8x4_kd_s1,resnet8x4,kd,pixelate,4,0.31130000948905945,0.39023035764694214,4.13162088394165,1.0203441381454468,0.701530396938324,0.45590001344680786,1.7534219026565552,0.3467336595058441
student_resnet8x4_kd_s2,resnet8x4,kd,pixelate,4,0.34880000352859497,0.3502776324748993,3.7461395263671875,0.9513214826583862,0.6985869407653809,0.47209998965263367,1.6798949241638184,0.33758077025413513
student_resnet8x4_dkd_nckd,resnet8x4,dkd,pixelate,5,0.17880000174045563,0.299422025680542,4.308413028717041,1.0573134422302246,0.4782220721244812,0.40869998931884766,1.3270063400268555,0.35977375507354736
student_resnet8x4_dkd_s1,resnet8x4,dkd,pixelate,5,0.18709999322891235,0.3834295868873596,4.588368892669678,1.1157885789871216,0.570529580116272,0.4431000053882599,1.3193368911743164,0.3974341154098511
student_resnet8x4_dkd_s2,resnet8x4,dkd,pixelate,5,0.21230000257492065,0.3643789291381836,4.429610252380371,1.0826386213302612,0.5763099193572998,0.4514000117778778,1.3187992572784424,0.39108842611312866
student_resnet8x4_dkd_tckd,resnet8x4,dkd,pixelate,5,0.16750000417232513,0.4993806779384613,7.919757843017578,1.2395920753479004,0.6668807864189148,0.3880999982357025,2.6759419441223145,0.35535934567451477
student_resnet8x4_kd_s1,resnet8x4,kd,pixelate,5,0.17980000376701355,0.49542373418807983,5.718318462371826,1.2316155433654785,0.6752237677574158,0.40849998593330383,1.9166804552078247,0.3643261194229126
student_resnet8x4_kd_s2,resnet8x4,kd,pixelate,5,0.2029000073671341,0.48478201031684875,5.601249694824219,1.1995307207107544,0.687682032585144,0.40619999170303345,1.982069969177246,0.3462546467781067
student_resnet8x4_dkd_nckd,resnet8x4,dkd,jpeg_compression,1,0.5842999815940857,0.04774915426969528,1.61561119556427,0.5553151369094849,0.5435232520103455,0.6297000050544739,0.8181486129760742,0.33864647150039673
student_resnet8x4_dkd_s1,resnet8x4,dkd,jpeg_compression,1,0.5929999947547913,0.07303674519062042,1.6120966672897339,0.5491247177124023,0.6609883904457092,0.6359999775886536,0.8462814688682556,0.33890774846076965
student_resnet8x4_dkd_s2,resnet8x4,dkd,jpeg_compression,1,0.5989000201225281,0.07684610038995743,1.5921428203582764,0.5435755848884583,0.6704176664352417,0.6358000040054321,0.8569880127906799,0.32845571637153625
student_resnet8x4_dkd_tckd,resnet8x4,dkd,jpeg_compression,1,0.5078999996185303,0.20785121619701385,2.2797226905822754,0.7009391784667969,0.7157512307167053,0.536899983882904,1.8560019731521606,0.2780245542526245
student_resnet8x4_kd_s1,resnet8x4,kd,jpeg_compression,1,0.555899977684021,0.19200384616851807,1.995012640953064,0.638629138469696,0.7479038238525391,0.5950000286102295,1.2873159646987915,0.30911940336227417
student_resnet8x4_kd_s2,resnet8x4,kd,jpeg_compression,1,0.5659000277519226,0.18069644272327423,1.959646463394165,0.62819904088974,0.74648118019104,0.5989999771118164,1.2667006254196167,0.3059838116168976
student_resnet8x4_dkd_nckd,resnet8x4,dkd,jpeg_compression,2,0.5116999745368958,0.042728908360004425,1.9423598051071167,0.6333869695663452,0.47871893644332886,0.5673999786376953,0.9358323216438293,0.322386771440506
student_resnet8x4_dkd_s1,resnet8x4,dkd,jpeg_compression,2,0.5309000015258789,0.07956711947917938,1.90450918674469,0.6211680769920349,0.602508544921875,0.5705999732017517,0.9735003709793091,0.3054303526878357
student_resnet8x4_dkd_s2,resnet8x4,dkd,jpeg_compression,2,0.5241000056266785,0.09109793603420258,1.9317800998687744,0.6301433444023132,0.6139192581176758,0.5708000063896179,0.997557520866394,0.30800601840019226
student_resnet8x4_dkd_tckd,resnet8x4,dkd,jpeg_compression,2,0.44449999928474426,0.2397281974554062,2.744389772415161,0.7837952375411987,0.6842281818389893,0.47269999980926514,2.153810739517212,0.2519854009151459
student_resnet8x4_kd_s1,resnet8x4,kd,jpeg_compression,2,0.4936000108718872,0.21117156744003296,2.350785255432129,0.7186753153800964,0.7047715187072754,0.5220000147819519,1.5015196800231934,0.26679545640945435
student_resnet8x4_kd_s2,resnet8x4,kd,jpeg_compression,2,0.4878000020980835,0.2146984040737152,2.345351219177246,0.7222300171852112,0.7024698257446289,0.5196999907493591,1.4772535562515259,0.27022966742515564
student_resnet8x4_dkd_nckd,resnet8x4,dkd,jpeg_compression,3,0.4867999851703644,0.04223354160785675,2.0685782432556152,0.6615402698516846,0.4588828980922699,0.5382999777793884,0.9762628078460693,0.29832693934440613
student_resnet8x4_dkd_s1,resnet8x4,dkd,jpeg_compression,3,0.5022000074386597,0.08506807684898376,2.0399134159088135,0.6535340547561646,0.5813621282577515,0.5401999950408936,1.0174978971481323,0.2896593511104584
student_resnet8x4_dkd_s2,resnet8x4,dkd,jpeg_compression,3,0.5005999803543091,0.09648223221302032,2.0816891193389893,0.6613881587982178,0.5935561060905457,0.5389000177383423,1.0493848323822021,0.2868373394012451
student_resnet8x4_dkd_tckd,resnet8x4,dkd,jpeg_compression,3,0.41339999437332153,0.26002103090286255,2.963412284851074,0.8195862174034119,0.6734210848808289,0.44600000977516174,2.305971384048462,0.24067728221416473
student_resnet8x4_kd_s1,resnet8x4,kd,jpeg_compression,3,0.4715000092983246,0.21762384474277496,2.482649564743042,0.744424045085907,0.689123809337616,0.5015000104904175,1.550342082977295,0.260028213262558
student_resnet8x4_kd_s2,resnet8x4,kd,jpeg_compression,3,0.46320000290870667,0.2202834188938141,2.5182225704193115,0.7554351687431335,0.6834834218025208,0.4950000047683716,1.5416558980941772,0.256399929523468
student_resnet8x4_dkd_nckd,resnet8x4,dkd,jpeg_compression,4,0.45170000195503235,0.0348774790763855,2.2164194583892822,0.6933344006538391,0.4337884783744812,0.5121999979019165,1.020439624786377,0.2988266348838806
student_resnet8x4_dkd_s1,resnet8x4,dkd,jpeg_compression,4,0.4738999903202057,0.08913744986057281,2.181194305419922,0.6843722462654114,0.5624972581863403,0.5231000185012817,1.0742285251617432,0.29504162073135376
student_resnet8x4_dkd_s2,resnet8x4,dkd,jpeg_compression,4,0.4677000045776367,0.10602869838476181,2.223874092102051,0.6950325965881348,0.57266765832901,0.5117999911308289,1.1009464263916016,0.282551109790802
student_resnet8x4_dkd_tckd,resnet8x4,dkd,jpeg_compression,4,0.38530001044273376,0.27561742067337036,3.208142042160034,0.8558966517448425,0.6609174609184265,0.4189000129699707,2.450516939163208,0.2301286906003952
student_resnet8x4_kd_s1,resnet8x4,kd,jpeg_compression,4,0.43939998745918274,0.23061928153038025,2.646836042404175,0.7793555855751038,0.670019268989563,0.4652999937534332,1.645788311958313,0.2448902279138565
student_resnet8x4_kd_s2,resnet8x4,kd,jpeg_compression,4,0.4300000071525574,0.23660951852798462,2.6700148582458496,0.7919721007347107,0.6666095852851868,0.4675999879837036,1.617263913154602,0.25643453001976013
student_resnet8x4_dkd_nckd,resnet8x4,dkd,jpeg_compression,5,0.40630000829696655,0.027984628453850746,2.424842596054077,0.7364194393157959,0.4067748188972473,0.47369998693466187,1.074449896812439,0.28372010588645935
student_resnet8x4_dkd_s1,resnet8x4,dkd,jpeg_compression,5,0.4339999854564667,0.09958609938621521,2.3922152519226074,0.7326970100402832,0.5319921374320984,0.4821000099182129,1.1371705532073975,0.27674052119255066
student_resnet8x4_dkd_s2,resnet8x4,dkd,jpeg_compression,5,0.42399999499320984,0.1220632866024971,2.4494214057922363,0.7446025609970093,0.546063244342804,0.47679999470710754,1.1736664772033691,0.27464666962623596
student_resnet8x4_dkd_tckd,resnet8x4,dkd,jpeg_compression,5,0.34790000319480896,0.29762575030326843,3.6101739406585693,0.9081684350967407,0.6455256938934326,0.38339999318122864,2.632544994354248,0.22038038074970245
student_resnet8x4_kd_s1,resnet8x4,kd,jpeg_compression,5,0.4065999984741211,0.2442629337310791,2.8649723529815674,0.8221466541290283,0.6500213146209717,0.43810001015663147,1.736868977546692,0.23835282027721405
student_resnet8x4_kd_s2,resnet8x4,kd,jpeg_compression,5,0.38960000872612,0.2579854726791382,2.933915853500366,0.844632625579834,0.6475854516029358,0.428600013256073,1.7083228826522827,0.2397487312555313
student_resnet8x4_dkd_nckd,resnet8x4,dkd,speckle_noise,1,0.5241000056266785,0.03272945061326027,1.917294979095459,0.6220868229866028,0.5180495381355286,0.5929999947547913,0.9360963106155396,0.3432193398475647
student_resnet8x4_dkd_s1,resnet8x4,dkd,speckle_noise,1,0.5299000144004822,0.11293242871761322,1.9693619012832642,0.6330060958862305,0.6392905712127686,0.5960000157356262,0.9634902477264404,0.33771824836730957
student_resnet8x4_dkd_s2,resnet8x4,dkd,speckle_noise,1,0.5422000288963318,0.12320570647716522,1.932466983795166,0.6251122355461121,0.6624687314033508,0.5967000126838684,0.9870221614837646,0.3291078805923462
student_resnet8x4_dkd_tckd,resnet8x4,dkd,speckle_noise,1,0.42250001430511475,0.29301896691322327,3.1964995861053467,0.8428133726119995,0.7155189514160156,0.46970000863075256,2.329606771469116,0.2733795642852783
student_resnet8x4_kd_s1,resnet8x4,kd,speckle_noise,1,0.49459999799728394,0.24329379200935364,2.5337891578674316,0.7401370406150818,0.73789381980896,0.5482000112533569,1.5159624814987183,0.2975364625453949
student_resnet8x4_kd_s2,resnet8x4,kd,speckle_noise,1,0.482699990272522,0.2629096508026123,2.6297547817230225,0.7643309831619263,0.7450395822525024,0.5277000069618225,1.6865097284317017,0.2717053294181824
student_resnet8x4_dkd_nckd,resnet8x4,dkd,speckle_noise,2,0.31610000133514404,0.13447166979312897,3.1113603115081787,0.8646230697631836,0.44435131549835205,0.48429998755455017,1.1629058122634888,0.3801302909851074
student_resnet8x4_dkd_s1,resnet8x4,dkd,speckle_noise,2,0.30079999566078186,0.2922951579093933,3.678414821624756,0.9668228626251221,0.5914180874824524,0.46799999475479126,1.3334174156188965,0.36807817220687866
student_resnet8x4_dkd_s2,resnet8x4,dkd,speckle_noise,2,0.3052000105381012,0.32979995012283325,3.8134655952453613,0.9986480474472046,0.6349097490310669,0.4577000141143799,1.512515664100647,0.3464169502258301
student_resnet8x4_dkd_tckd,resnet8x4,dkd,speckle_noise,2,0.22930000722408295,0.48688971996307373,6.156406879425049,1.18769371509552,0.7161896228790283,0.3610000014305115,3.197216033935547,0.2990227937698364
student_resnet8x4_kd_s1,resnet8x4,kd,speckle_noise,2,0.260699987411499,0.4576939344406128,5.038107395172119,1.130774974822998,0.7183264493942261,0.41499999165534973,2.2647385597229004,0.33013027906417847
student_resnet8x4_kd_s2,resnet8x4,kd,speckle_noise,2,0.25209999084472656,0.4892055094242096,5.126994609832764,1.171047329902649,0.7413055896759033,0.3813000023365021,2.653357744216919,0.29250815510749817
student_resnet8x4_dkd_nckd,resnet8x4,dkd,speckle_noise,3,0.23720000684261322,0.19567979872226715,3.661924123764038,0.9552336931228638,0.4323998987674713,0.4650999903678894,1.1859740018844604,0.404937207698822
student_resnet8x4_dkd_s1,resnet8x4,dkd,speckle_noise,3,0.22429999709129333,0.37504154443740845,4.592287063598633,1.095594048500061,0.5980941653251648,0.450300008058548,1.4333734512329102,0.3942543566226959
student_resnet8x4_dkd_s2,resnet8x4,dkd,speckle_noise,3,0.22290000319480896,0.4339732527732849,4.859859943389893,1.1615679264068604,0.6568732857704163,0.4291999936103821,1.712518334388733,0.3688465356826782
student_resnet8x4_dkd_tckd,resnet8x4,dkd,speckle_noise,3,0.16949999332427979,0.5650849342346191,7.590603351593018,1.3179636001586914,0.7345849871635437,0.3571999967098236,3.360403060913086,0.3331889808177948
student_resnet8x4_kd_s1,resnet8x4,kd,speckle_noise,3,0.19110000133514404,0.5411468744277954,6.340476036071777,1.2753639221191406,0.7322468757629395,0.39820000529289246,2.502636432647705,0.35599827766418457
student_resnet8x4_kd_s2,resnet8x4,kd,speckle_noise,3,0.19300000369548798,0.5505528450012207,6.215253829956055,1.292121171951294,0.7432611584663391,0.3653999865055084,2.847412109375,0.31326693296432495
student_resnet8x4_dkd_nckd,resnet8x4,dkd,speckle_noise,4,0.14429999887943268,0.28572943806648254,4.535734176635742,1.0727459192276,0.4300294518470764,0.4763999879360199,1.1640894412994385,0.46060606837272644
student_resnet8x4_dkd_s1,resnet8x4,dkd,speckle_noise,4,0.13109999895095825,0.47697192430496216,6.08059549331665,1.25511634349823,0.6080719232559204,0.44999998807907104,1.3880611658096313,0.43290042877197266
student_resnet8x4_dkd_s2,resnet8x4,dkd,speckle_noise,4,0.1273999959230423,0.5831365585327148,6.604969501495361,1.3852347135543823,0.7103965282440186,0.44830000400543213,1.8853141069412231,0.4389610290527344
student_resnet8x4_dkd_tckd,resnet8x4,dkd,speckle_noise,4,0.10320000350475311,0.669963002204895,9.85051441192627,1.4865622520446777,0.7731629610061646,0.4020000100135803,3.2143516540527344,0.4098948538303375
student_resnet8x4_kd_s1,resnet8x4,kd,speckle_noise,4,0.10700000077486038,0.6622810363769531,8.51054573059082,1.4752655029296875,0.7692810297012329,0.4293999969959259,2.538343906402588,0.43290042877197266
student_resnet8x4_kd_s2,resnet8x4,kd,speckle_noise,4,0.11429999768733978,0.6148504614830017,7.619632720947266,1.41428804397583,0.7290424108505249,0.38269999623298645,2.6913721561431885,0.3757575750350952
student_resnet8x4_dkd_nckd,resnet8x4,dkd,speckle_noise,5,0.09520000219345093,0.3474428057670593,5.143720626831055,1.1453930139541626,0.44264286756515503,0.499099999666214,1.1880451440811157,0.49707871675491333
student_resnet8x4_dkd_s1,resnet8x4,dkd,speckle_noise,5,0.09059999883174896,0.5075569748878479,6.867517948150635,1.3070868253707886,0.5981569290161133,0.4648999869823456,1.307296633720398,0.45858633518218994
student_resnet8x4_dkd_s2,resnet8x4,dkd,speckle_noise,5,0.08100000023841858,0.6699428558349609,7.7766499519348145,1.514209508895874,0.7509428262710571,0.503000020980835,1.865226149559021,0.5100240707397461
student_resnet8x4_dkd_tckd,resnet8x4,dkd,speckle_noise,5,0.07119999825954437,0.7407184839248657,11.294989585876465,1.6006615161895752,0.8119184970855713,0.47029998898506165,3.0580105781555176,0.4871119260787964
student_resnet8x4_kd_s1,resnet8x4,kd,speckle_noise,5,0.0697999969124794,0.734428882598877,9.96867561340332,1.5932819843292236,0.8041698336601257,0.4765999913215637,2.4232280254364014,0.4888303279876709
student_resnet8x4_kd_s2,resnet8x4,kd,speckle_noise,5,0.07199999690055847,0.6584550142288208,8.583489418029785,1.4880269765853882,0.7304551005363464,0.38100001215934753,2.800384759902954,0.3830908536911011
student_resnet8x4_dkd_nckd,resnet8x4,dkd,gaussian_blur,1,0.7412999868392944,0.05046074464917183,0.9577316641807556,0.3627749979496002,0.6925612092018127,0.7745000123977661,0.5306221842765808,0.39676111936569214
student_resnet8x4_dkd_s1,resnet8x4,dkd,gaussian_blur,1,0.7513999938964844,0.04975910857319832,0.9395928978919983,0.3520486652851105,0.7901346683502197,0.7771999835968018,0.5391343235969543,0.37651821970939636
student_resnet8x4_dkd_s2,resnet8x4,dkd,gaussian_blur,1,0.7466999888420105,0.05379259213805199,0.9416357278823853,0.3534529209136963,0.7977278232574463,0.771399974822998,0.5528742671012878,0.3711200952529907
student_resnet8x4_dkd_tckd,resnet8x4,dkd,gaussian_blur,1,0.6722000241279602,0.11677481234073639,1.338954210281372,0.4711295962333679,0.7888469099998474,0.6913999915122986,1.1652171611785889,0.32208725810050964
student_resnet8x4_kd_s1,resnet8x4,kd,gaussian_blur,1,0.7285000085830688,0.11186792701482773,1.1513513326644897,0.40164071321487427,0.840161919593811,0.7440000176429749,0.8165145516395569,0.33693206310272217
student_resnet8x4_kd_s2,resnet8x4,kd,gaussian_blur,1,0.7293999791145325,0.11475561559200287,1.1287997961044312,0.395405650138855,0.8441099524497986,0.746399998664856,0.8016326427459717,0.33873143792152405
student_resnet8x4_dkd_nckd,resnet8x4,dkd,gaussian_blur,2,0.608299970626831,0.042634882032871246,1.5193461179733276,0.5263025164604187,0.581007719039917,0.667900025844574,0.7461161017417908,0.3716554045677185
student_resnet8x4_dkd_s1,resnet8x4,dkd,gaussian_blur,2,0.6061000227928162,0.09291022270917892,1.581370234489441,0.5392349362373352,0.6973459124565125,0.6646999716758728,0.7837209701538086,0.36048221588134766
student_resnet8x4_dkd_s2,resnet8x4,dkd,gaussian_blur,2,0.6191999912261963,0.09386087954044342,1.5392037630081177,0.5239320397377014,0.7113624215126038,0.6736000180244446,0.7870607376098633,0.36459866166114807
student_resnet8x4_dkd_tckd,resnet8x4,dkd,gaussian_blur,2,0.5160999894142151,0.209476500749588,2.3902266025543213,0.7009798884391785,0.7255765795707703,0.557699978351593,1.8161596059799194,0.2996177673339844
student_resnet8x4_kd_s1,resnet8x4,kd,gaussian_blur,2,0.5741999745368958,0.19169802963733673,1.932182788848877,0.6159946322441101,0.7658511996269226,0.618399977684021,1.192488670349121,0.3237283229827881
student_resnet8x4_kd_s2,resnet8x4,kd,gaussian_blur,2,0.588699996471405,0.186253160238266,1.8879382610321045,0.598763644695282,0.7749531865119934,0.6269000172615051,1.1681430339813232,0.3199059069156647
student_resnet8x4_dkd_nckd,resnet8x4,dkd,gaussian_blur,3,0.4821000099182129,0.03690887987613678,2.0795795917510986,0.6634476780891418,0.5044780969619751,0.574400007724762,0.883844256401062,0.3626188039779663
student_resnet8x4_dkd_s1,resnet8x4,dkd,gaussian_blur,3,0.47909998893737793,0.152239128947258,2.281665802001953,0.7093534469604492,0.6297960877418518,0.5824999809265137,0.9528730511665344,0.3757127821445465
student_resnet8x4_dkd_s2,resnet8x4,dkd,gaussian_blur,3,0.49320000410079956,0.15515519678592682,2.1996829509735107,0.6874485015869141,0.6483551263809204,0.5898000001907349,0.9526535868644714,0.3750791847705841
student_resnet8x4_dkd_tckd,resnet8x4,dkd,gaussian_blur,3,0.38589999079704285,0.3021300435066223,3.5102522373199463,0.8833445310592651,0.6880300045013428,0.4546000063419342,2.381366491317749,0.2842661142349243
student_resnet8x4_kd_s1,resnet8x4,kd,gaussian_blur,3,0.44130000472068787,0.27015775442123413,2.7867555618286133,0.8049898147583008,0.7113710641860962,0.5134000182151794,1.51909601688385,0.30707496404647827
student_resnet8x4_kd_s2,resnet8x4,kd,gaussian_blur,3,0.46399998664855957,0.26479658484458923,2.6846723556518555,0.7767011523246765,0.7283009886741638,0.538100004196167,1.4487172365188599,0.3235480487346649
student_resnet8x4_dkd_nckd,resnet8x4,dkd,gaussian_blur,4,0.36890000104904175,0.08445785194635391,2.671452283859253,0.7857509851455688,0.4507100582122803,0.5188999772071838,0.9618264436721802,0.3824508786201477
student_resnet8x4_dkd_s1,resnet8x4,dkd,gaussian_blur,4,0.3562999963760376,0.23098549246788025,3.0406110286712646,0.8637572526931763,0.5871389508247375,0.5220000147819519,1.0501723289489746,0.39144188165664673
student_resnet8x4_dkd_s2,resnet8x4,dkd,gaussian_blur,4,0.3779999911785126,0.22823193669319153,2.9645936489105225,0.8483625054359436,0.6059128642082214,0.5351999998092651,1.043959140777588,0.3937729001045227
student_resnet8x4_dkd_tckd,resnet8x4,dkd,gaussian_blur,4,0.29429998993873596,0.36996349692344666,4.729856491088867,1.02361261844635,0.6642634868621826,0.3788999915122986,2.8259785175323486,0.25374624133110046
student_resnet8x4_kd_s1,resnet8x4,kd,gaussian_blur,4,0.3294999897480011,0.33945754170417786,3.692189931869507,0.9598104357719421,0.6689575910568237,0.43369999527931213,1.7268449068069458,0.29270729422569275
student_resnet8x4_kd_s2,resnet8x4,kd,gaussian_blur,4,0.3589000105857849,0.3296831250190735,3.530524253845215,0.931631863117218,0.6885830760002136,0.4722999930381775,1.624297857284546,0.3238428235054016
student_resnet8x4_dkd_nckd,resnet8x4,dkd,gaussian_blur,5,0.21199999749660492,0.2003847062587738,3.6993160247802734,0.9594316482543945,0.41206347942352295,0.48890000581741333,0.9761481285095215,0.4396003484725952
student_resnet8x4_dkd_s1,resnet8x4,dkd,gaussian_blur,5,0.21199999749660492,0.3431815505027771,4.299166202545166,1.0733486413955688,0.5550791025161743,0.49720001220703125,1.0836138725280762,0.4481640160083771
student_resnet8x4_dkd_s2,resnet8x4,dkd,gaussian_blur,5,0.21889999508857727,0.3729136288166046,4.385622501373291,1.091365933418274,0.5918136239051819,0.5199999809265137,1.0771924257278442,0.47281691431999207
student_resnet8x4_dkd_tckd,resnet8x4,dkd,gaussian_blur,5,0.1808999925851822,0.4557691812515259,6.976675033569336,1.1861015558242798,0.6366692185401917,0.30880001187324524,3.3175432682037354,0.24575062096118927
student_resnet8x4_kd_s1,resnet8x4,kd,gaussian_blur,5,0.193900004029274,0.43354174494743347,5.169250965118408,1.155709147453308,0.6274417638778687,0.3675000071525574,1.895936369895935,0.304139107465744
student_resnet8x4_kd_s2,resnet8x4,kd,gaussian_blur,5,0.2053000032901764,0.45032161474227905,5.054131031036377,1.1650861501693726,0.6555085182189941,0.43560001254081726,1.6792117357254028,0.38302841782569885
student_resnet8x4_dkd_nckd,resnet8x4,dkd,spatter,1,0.7016000151634216,0.051340505480766296,1.1219382286071777,0.4134671986103058,0.6504210829734802,0.7260000109672546,0.6311277151107788,0.35921597480773926
student_resnet8x4_dkd_s1,resnet8x4,dkd,spatter,1,0.7060999870300293,0.053871747106313705,1.1120699644088745,0.4052453935146332,0.7496612668037415,0.7304999828338623,0.6571271419525146,0.34753111004829407
student_resnet8x4_dkd_s2,resnet8x4,dkd,spatter,1,0.7041000127792358,0.058017387986183167,1.1235512495040894,0.4083799719810486,0.759350061416626,0.729200005531311,0.6710318922996521,0.3497926890850067
student_resnet8x4_dkd_tckd,resnet8x4,dkd,spatter,1,0.6074000000953674,0.15671297907829285,1.721111536026001,0.5635437965393066,0.7637460231781006,0.6237000226974487,1.477283000946045,0.2940067946910858
student_resnet8x4_kd_s1,resnet8x4,kd,spatter,1,0.6794000267982483,0.13614074885845184,1.3713970184326172,0.4688130021095276,0.8155407309532166,0.6944000124931335,1.008924961090088,0.31775349378585815
student_resnet8x4_kd_s2,resnet8x4,kd,spatter,1,0.6739000082015991,0.1427624523639679,1.4305031299591064,0.4789550304412842,0.8166624903678894,0.6898999810218811,1.0241146087646484,0.3158688247203827
student_resnet8x4_dkd_nckd,resnet8x4,dkd,spatter,2,0.6198999881744385,0.05016554147005081,1.4617658853530884,0.5115581154823303,0.5735098719596863,0.6455000042915344,0.8076550960540771,0.3191368579864502
student_resnet8x4_dkd_s1,resnet8x4,dkd,spatter,2,0.6225000023841858,0.07110258936882019,1.5180855989456177,0.5193448662757874,0.6834177374839783,0.6496999859809875,0.8637144565582275,0.32055649161338806
student_resnet8x4_dkd_s2,resnet8x4,dkd,spatter,2,0.6158000230789185,0.08720193803310394,1.5674697160720825,0.5315501093864441,0.6996690630912781,0.640999972820282,0.9097588658332825,0.30636003613471985
student_resnet8x4_dkd_tckd,resnet8x4,dkd,spatter,2,0.5008999705314636,0.2163035273551941,2.521293878555298,0.7139187455177307,0.7172035574913025,0.5199000239372253,2.0124430656433105,0.2552526891231537
student_resnet8x4_kd_s1,resnet8x4,kd,spatter,2,0.5942999720573425,0.17369237542152405,1.8179982900619507,0.5837183594703674,0.767992377281189,0.6069999933242798,1.3107103109359741,0.27881884574890137
student_resnet8x4_kd_s2,resnet8x4,kd,spatter,2,0.5720000267028809,0.20514854788780212,2.0823075771331787,0.6368390917778015,0.7771484851837158,0.5972999930381775,1.4507805109024048,0.28932425379753113
student_resnet8x4_dkd_nckd,resnet8x4,dkd,spatter,3,0.5371999740600586,0.03139771148562431,1.813386082649231,0.6039767861366272,0.519968569278717,0.5810999870300293,0.9272207021713257,0.3056717813014984
student_resnet8x4_dkd_s1,resnet8x4,dkd,spatter,3,0.5397999882698059,0.09645365178585052,1.8685470819473267,0.6134744882583618,0.6337344646453857,0.5845000147819519,1.0023497343063354,0.3100883364677429
student_resnet8x4_dkd_s2,resnet8x4,dkd,spatter,3,0.5353999733924866,0.11341630667448044,1.9215527772903442,0.6250714063644409,0.6476732492446899,0.5727999806404114,1.0666502714157104,0.29288703203201294
student_resnet8x4_dkd_tckd,resnet8x4,dkd,spatter,3,0.43320000171661377,0.2593730092048645,2.968008518218994,0.8098053932189941,0.6925730109214783,0.4632999897003174,2.302410364151001,0.241283118724823
student_resnet8x4_kd_s1,resnet8x4,kd,spatter,3,0.5020999908447266,0.22735324501991272,2.3357293605804443,0.7113764882087708,0.7294532656669617,0.5349000096321106,1.569342017173767,0.2631334364414215
student_resnet8x4_kd_s2,resnet8x4,kd,spatter,3,0.4927999973297119,0.2460976541042328,2.532381534576416,0.7435874938964844,0.7388976812362671,0.527400016784668,1.6739370822906494,0.2715016305446625
student_resnet8x4_dkd_nckd,resnet8x4,dkd,spatter,4,0.6173999905586243,0.06834913045167923,1.5195308923721313,0.5224012136459351,0.5490509271621704,0.6389999985694885,0.8091549277305603,0.30832645297050476
student_resnet8x4_dkd_s1,resnet8x4,dkd,spatter,4,0.6166999936103821,0.05991149693727493,1.5077062845230103,0.5155376195907593,0.6700162291526794,0.6319000124931335,0.8733670115470886,0.29568561911582947
student_resnet8x4_dkd_s2,resnet8x4,dkd,spatter,4,0.6255999803543091,0.06416337937116623,1.4704586267471313,0.5066964626312256,0.6796079874038696,0.6448000073432922,0.8530595898628235,0.3094256520271301
student_resnet8x4_dkd_tckd,resnet8x4,dkd,spatter,4,0.4659999907016754,0.2440287470817566,2.690004587173462,0.7674295902252197,0.7100287079811096,0.4862000048160553,2.1920793056488037,0.24264907836914062
student_resnet8x4_kd_s1,resnet8x4,kd,spatter,4,0.5791000127792358,0.17329318821430206,1.8689848184585571,0.5994078516960144,0.7523931860923767,0.593999981880188,1.3152568340301514,0.2704039514064789
student_resnet8x4_kd_s2,resnet8x4,kd,spatter,4,0.5928000211715698,0.1675242781639099,1.7658560276031494,0.5803101658821106,0.7603242993354797,0.6000999808311462,1.2917081117630005,0.2684803605079651
student_resnet8x4_dkd_nckd,resnet8x4,dkd,spatter,5,0.445499986410141,0.04555140808224678,2.2454593181610107,0.7068970203399658,0.47136592864990234,0.503000020980835,1.1112627983093262,0.2874414920806885
student_resnet8x4_dkd_s1,resnet8x4,dkd,spatter,5,0.4553999900817871,0.14497290551662445,2.34309720993042,0.7282165288925171,0.6002453565597534,0.5076000094413757,1.2304015159606934,0.2897816002368927
student_resnet8x4_dkd_s2,resnet8x4,dkd,spatter,5,0.4740000069141388,0.1313358098268509,2.231858015060425,0.7090636491775513,0.6041646599769592,0.5131999850273132,1.1973475217819214,0.28217628598213196
student_resnet8x4_dkd_tckd,resnet8x4,dkd,spatter,5,0.29750001430511475,0.40022242069244385,4.691079139709473,1.0448352098464966,0.6977224349975586,0.35760000348091125,3.428290605545044,0.2306942343711853
student_resnet8x4_kd_s1,resnet8x4,kd,spatter,5,0.41200000047683716,0.3034806549549103,3.0887985229492188,0.867127537727356,0.7154806852340698,0.46939998865127563,1.9956445693969727,0.273595929145813
student_resnet8x4_kd_s2,resnet8x4,kd,spatter,5,0.43369999527931213,0.2827003300189972,2.8427319526672363,0.8308769464492798,0.7159910798072815,0.4763999879360199,1.8909828662872314,0.2634555399417877
student_resnet8x4_dkd_nckd,resnet8x4,dkd,saturate,1,0.6068000197410583,0.035062026232481,1.5117720365524292,0.5200778245925903,0.5735442042350769,0.6636999845504761,0.7503675222396851,0.3653610646724701
student_resnet8x4_dkd_s1,resnet8x4,dkd,saturate,1,0.6151000261306763,0.07308445125818253,1.5311272144317627,0.5228210687637329,0.6836330890655518,0.6661999821662903,0.7601369619369507,0.3534271717071533
student_resnet8x4_dkd_s2,resnet8x4,dkd,saturate,1,0.6176999807357788,0.07638870179653168,1.5240648984909058,0.5178468227386475,0.6928343176841736,0.6687999963760376,0.7722271680831909,0.3534271717071533
student_resnet8x4_dkd_tckd,resnet8x4,dkd,saturate,1,0.506600022315979,0.22530126571655273,2.5124640464782715,0.7059358954429626,0.7319013476371765,0.5446000099182129,1.79142427444458,0.2873317003250122
student_resnet8x4_kd_s1,resnet8x4,kd,saturate,1,0.5679000020027161,0.19273386895656586,1.9609582424163818,0.6182098984718323,0.7606338858604431,0.6126999855041504,1.1861772537231445,0.3179314434528351
student_resnet8x4_kd_s2,resnet8x4,kd,saturate,1,0.5741999745368958,0.19105744361877441,1.9221148490905762,0.6101579666137695,0.7652574777603149,0.616100013256073,1.1647614240646362,0.31640148162841797
student_resnet8x4_dkd_nckd,resnet8x4,dkd,saturate,2,0.5092999935150146,0.02851181849837303,1.9807863235473633,0.6265431642532349,0.5119568109512329,0.6029000282287598,0.8505229353904724,0.36697909235954285
student_resnet8x4_dkd_s1,resnet8x4,dkd,saturate,2,0.5076000094413757,0.11698785424232483,2.090970754623413,0.6517188549041748,0.6242507100105286,0.5949000120162964,0.8940085768699646,0.35640472173690796
student_resnet8x4_dkd_s2,resnet8x4,dkd,saturate,2,0.5174000263214111,0.11918209493160248,2.066091537475586,0.6432756781578064,0.63658207654953,0.6032000184059143,0.8912827372550964,0.3597692847251892
student_resnet8x4_dkd_tckd,resnet8x4,dkd,saturate,2,0.4163999855518341,0.28659749031066895,3.5950887203216553,0.835119903087616,0.7029974460601807,0.48330000042915344,2.1175413131713867,0.2886325418949127
student_resnet8x4_kd_s1,resnet8x4,kd,saturate,2,0.47189998626708984,0.24660365283489227,2.6554086208343506,0.7533586621284485,0.7185036540031433,0.5468999743461609,1.3634947538375854,0.31675079464912415
student_resnet8x4_kd_s2,resnet8x4,kd,saturate,2,0.4796000123023987,0.24605336785316467,2.593135118484497,0.7429778575897217,0.7256532907485962,0.5529000163078308,1.3307485580444336,0.32155731320381165
student_resnet8x4_dkd_nckd,resnet8x4,dkd,saturate,3,0.713100016117096,0.04679715633392334,1.0781499147415161,0.3983335494995117,0.6691631078720093,0.7457000017166138,0.5848489999771118,0.38177236914634705
student_resnet8x4_dkd_s1,resnet8x4,dkd,saturate,3,0.725600004196167,0.05580088496208191,1.0642222166061401,0.3876844048500061,0.7723451852798462,0.7581999897956848,0.5858014225959778,0.3779924511909485
student_resnet8x4_dkd_s2,resnet8x4,dkd,saturate,3,0.7229999899864197,0.060148101300001144,1.046600341796875,0.3850015103816986,0.778717577457428,0.7502999901771545,0.596359133720398,0.3674926459789276
student_resnet8x4_dkd_tckd,resnet8x4,dkd,saturate,3,0.6406999826431274,0.13328967988491058,1.5183494091033936,0.5127207636833191,0.7739896774291992,0.6633999943733215,1.2563529014587402,0.32171356678009033
student_resnet8x4_kd_s1,resnet8x4,kd,saturate,3,0.692799985408783,0.1321646273136139,1.314883828163147,0.449308305978775,0.8249646425247192,0.7189000248908997,0.8879767656326294,0.34607309103012085
student_resnet8x4_kd_s2,resnet8x4,kd,saturate,3,0.6974999904632568,0.1296686828136444,1.2987241744995117,0.44352036714553833,0.8270699977874756,0.717199981212616,0.891218364238739,0.33053338527679443
student_resnet8x4_dkd_nckd,resnet8x4,dkd,saturate,4,0.6152999997138977,0.038983412086963654,1.5121697187423706,0.5175981521606445,0.5844795107841492,0.6707000136375427,0.7592250108718872,0.37595993280410767
student_resnet8x4_dkd_s1,resnet8x4,dkd,saturate,4,0.6230999827384949,0.08531966060400009,1.5372616052627563,0.5217865705490112,0.7009233832359314,0.6782000064849854,0.7709897756576538,0.3686143457889557
student_resnet8x4_dkd_s2,resnet8x4,dkd,saturate,4,0.6270999908447266,0.08344273269176483,1.5100396871566772,0.515642523765564,0.7071424126625061,0.6777999997138977,0.7756536602973938,0.36327213048934937
student_resnet8x4_dkd_tckd,resnet8x4,dkd,saturate,4,0.52920001745224,0.195780947804451,2.309823751449585,0.6719068288803101,0.724980890750885,0.5667999982833862,1.687388300895691,0.30250418186187744
student_resnet8x4_kd_s1,resnet8x4,kd,saturate,4,0.5853000283241272,0.18425564467906952,1.9151238203048706,0.6020824313163757,0.7695556282997131,0.6259999871253967,1.1698685884475708,0.3215358853340149
student_resnet8x4_kd_s2,resnet8x4,kd,saturate,4,0.5842999815940857,0.18246695399284363,1.8975331783294678,0.6017898917198181,0.7666202783584595,0.6262999773025513,1.1682865619659424,0.3292153477668762
student_resnet8x4_dkd_nckd,resnet8x4,dkd,saturate,5,0.5042999982833862,0.03242794796824455,2.023181915283203,0.6417295932769775,0.5096983909606934,0.5882999897003174,0.9400209188461304,0.36868685483932495
student_resnet8x4_dkd_s1,resnet8x4,dkd,saturate,5,0.5005999803543091,0.13204164803028107,2.1313493251800537,0.6707205772399902,0.6325610876083374,0.5852000117301941,0.9941902160644531,0.3652312457561493
student_resnet8x4_dkd_s2,resnet8x4,dkd,saturate,5,0.513700008392334,0.12831099331378937,2.078554391860962,0.6574632525444031,0.6407419443130493,0.5856999754905701,0.9819026589393616,0.3479532301425934
student_resnet8x4_dkd_tckd,resnet8x4,dkd,saturate,5,0.4138999879360199,0.27511006593704224,3.332611322402954,0.8352311253547668,0.6890100836753845,0.47440001368522644,2.133850336074829,0.2961190938949585
student_resnet8x4_kd_s1,resnet8x4,kd,saturate,5,0.46889999508857727,0.2516438961029053,2.653458595275879,0.7670875191688538,0.7201370596885681,0.5424000024795532,1.4574227333068848,0.3354598581790924
student_resnet8x4_kd_s2,resnet8x4,kd,saturate,5,0.4616999924182892,0.2511923611164093,2.642437696456909,0.7735183238983154,0.7128923535346985,0.5304999947547913,1.4755460023880005,0.32216906547546387
